login_id,operator_id,machine_id,execution_id,work_order_id,shift,login_time,logout_time,login_status
LOGIN-00000001,OP-0023,MOT-L3-S60,EXEC-000001,WO-20260105-000001,ShiftType.MORNING,2026-01-05 06:35:00,2026-01-05 07:17:00,LOGIN_SUCCESS
LOGIN-00000002,OP-0049,PLT-L1-S80,EXEC-000002,WO-20260105-000002,ShiftType.MORNING,2026-01-05 07:00:00,2026-01-05 07:36:00,LOGIN_SUCCESS
LOGIN-00000003,OP-0007,PLT-L1-S80,EXEC-000003,WO-20260105-000003,ShiftType.MORNING,2026-01-05 07:15:00,2026-01-05 08:00:00,LOGIN_SUCCESS
LOGIN-00000004,OP-0024,VIS-L1-S50,EXEC-000004,WO-20260105-000004,ShiftType.MORNING,2026-01-05 07:37:00,2026-01-05 08:19:00,LOGIN_SUCCESS
LOGIN-00000005,OP-0052,ASM-L3-S20,EXEC-000005,WO-20260105-000005,ShiftType.MORNING,2026-01-05 07:56:00,2026-01-05 08:37:00,LOGIN_SUCCESS
LOGIN-00000006,OP-0017,VIS-L1-S50,EXEC-000006,WO-20260105-000006,ShiftType.MORNING,2026-01-05 08:20:00,2026-01-05 08:56:00,LOGIN_SUCCESS
LOGIN-00000007,OP-0071,PKG-L2-S90,EXEC-000007,WO-20260105-000007,ShiftType.MORNING,2026-01-05 08:43:00,2026-01-05 09:20:00,LOGIN_SUCCESS
LOGIN-00000008,OP-0010,DTA-L1-S30,EXEC-000008,WO-20260105-000008,ShiftType.MORNING,2026-01-05 09:02:00,2026-01-05 09:40:00,LOGIN_SUCCESS
LOGIN-00000009,OP-0038,GBA-L5-S40,EXEC-000009,WO-20260105-000009,ShiftType.MORNING,2026-01-05 09:23:00,2026-01-05 09:59:00,LOGIN_SUCCESS
LOGIN-00000010,OP-0036,DTA-L2-S30,EXEC-000010,WO-20260105-000010,ShiftType.MORNING,2026-01-05 09:38:00,2026-01-05 10:16:00,LOGIN_SUCCESS
LOGIN-00000011,OP-0001,ASM-L6-S20,EXEC-000011,WO-20260105-000011,ShiftType.MORNING,2026-01-05 10:00:00,2026-01-05 10:38:00,LOGIN_SUCCESS
LOGIN-00000012,OP-0063,PLT-L5-S80,EXEC-000012,WO-20260105-000012,ShiftType.MORNING,2026-01-05 10:19:00,2026-01-05 10:57:00,LOGIN_SUCCESS
LOGIN-00000013,OP-0022,PKG-L2-S90,EXEC-000013,WO-20260105-000013,ShiftType.MORNING,2026-01-05 10:40:00,2026-01-05 11:18:00,LOGIN_SUCCESS
LOGIN-00000014,OP-0022,HVT-L4-S70,EXEC-000014,WO-20260105-000014,ShiftType.MORNING,2026-01-05 10:56:00,2026-01-05 11:38:00,LOGIN_SUCCESS
LOGIN-00000015,OP-0035,DTA-L2-S30,EXEC-000015,WO-20260105-000015,ShiftType.MORNING,2026-01-05 11:18:00,2026-01-05 11:57:00,LOGIN_SUCCESS
LOGIN-00000016,OP-0012,DTA-L5-S30,EXEC-000016,WO-20260105-000016,ShiftType.MORNING,2026-01-05 11:37:00,2026-01-05 12:16:00,LOGIN_SUCCESS
LOGIN-00000017,OP-0054,PLT-L4-S80,EXEC-000017,WO-20260105-000017,ShiftType.MORNING,2026-01-05 12:02:00,2026-01-05 12:40:00,LOGIN_SUCCESS
LOGIN-00000018,OP-0072,PKG-L4-S90,EXEC-000018,WO-20260105-000018,ShiftType.MORNING,2026-01-05 12:18:00,2026-01-05 12:56:00,LOGIN_SUCCESS
LOGIN-00000019,OP-0001,PF-L4-S10,EXEC-000019,WO-20260105-000019,ShiftType.MORNING,2026-01-05 12:42:00,2026-01-05 13:17:00,LOGIN_SUCCESS
LOGIN-00000020,OP-0043,GBA-L1-S40,EXEC-000020,WO-20260105-000020,ShiftType.MORNING,2026-01-05 12:56:00,2026-01-05 13:40:00,LOGIN_SUCCESS
LOGIN-00000021,OP-0043,HVT-L4-S70,EXEC-000021,WO-20260105-000021,ShiftType.MORNING,2026-01-05 13:19:00,2026-01-05 13:59:00,LOGIN_SUCCESS
LOGIN-00000022,OP-0033,GBA-L1-S40,EXEC-000022,WO-20260105-000022,ShiftType.MORNING,2026-01-05 13:39:00,2026-01-05 14:16:00,LOGIN_SUCCESS
LOGIN-00000023,OP-0024,DTA-L3-S30,EXEC-000023,WO-20260105-000023,ShiftType.MORNING,2026-01-05 14:01:00,2026-01-05 14:39:00,LOGIN_SUCCESS
LOGIN-00000024,OP-0030,MOT-L4-S60,EXEC-000024,WO-20260106-000024,ShiftType.MORNING,2026-01-06 06:37:00,2026-01-06 07:17:00,LOGIN_SUCCESS
LOGIN-00000025,OP-0057,VIS-L4-S50,EXEC-000025,WO-20260106-000025,ShiftType.MORNING,2026-01-06 07:02:00,2026-01-06 07:37:00,LOGIN_SUCCESS
LOGIN-00000026,OP-0043,MOT-L1-S60,EXEC-000026,WO-20260106-000026,ShiftType.MORNING,2026-01-06 07:19:00,2026-01-06 07:57:00,LOGIN_SUCCESS
LOGIN-00000027,OP-0013,GBA-L6-S40,EXEC-000027,WO-20260106-000027,ShiftType.MORNING,2026-01-06 07:39:00,2026-01-06 08:20:00,LOGIN_SUCCESS
LOGIN-00000028,OP-0036,DTA-L3-S30,EXEC-000028,WO-20260106-000028,ShiftType.MORNING,2026-01-06 08:01:00,2026-01-06 08:38:00,LOGIN_SUCCESS
LOGIN-00000029,OP-0071,PKG-L5-S90,EXEC-000029,WO-20260106-000029,ShiftType.MORNING,2026-01-06 08:16:00,2026-01-06 09:00:00,LOGIN_SUCCESS
LOGIN-00000030,OP-0053,MOT-L2-S60,EXEC-000030,WO-20260106-000030,ShiftType.MORNING,2026-01-06 08:42:00,2026-01-06 09:20:00,LOGIN_SUCCESS
LOGIN-00000031,OP-0045,VIS-L6-S50,EXEC-000031,WO-20260106-000031,ShiftType.MORNING,2026-01-06 08:59:00,2026-01-06 09:38:00,LOGIN_SUCCESS
LOGIN-00000032,OP-0005,HVT-L4-S70,EXEC-000032,WO-20260106-000032,ShiftType.MORNING,2026-01-06 09:22:00,2026-01-06 09:56:00,LOGIN_SUCCESS
LOGIN-00000033,OP-0025,HVT-L3-S70,EXEC-000033,WO-20260106-000033,ShiftType.MORNING,2026-01-06 09:35:00,2026-01-06 10:19:00,LOGIN_SUCCESS
LOGIN-00000034,OP-0029,PKG-L1-S90,EXEC-000034,WO-20260106-000034,ShiftType.MORNING,2026-01-06 10:02:00,2026-01-06 10:40:00,LOGIN_SUCCESS
LOGIN-00000035,OP-0009,HVT-L1-S70,EXEC-000035,WO-20260106-000035,ShiftType.MORNING,2026-01-06 10:15:00,2026-01-06 10:57:00,LOGIN_SUCCESS
LOGIN-00000036,OP-0038,MOT-L3-S60,EXEC-000036,WO-20260106-000036,ShiftType.MORNING,2026-01-06 10:39:00,2026-01-06 11:20:00,LOGIN_SUCCESS
LOGIN-00000037,OP-0025,PF-L4-S10,EXEC-000037,WO-20260106-000037,ShiftType.MORNING,2026-01-06 10:59:00,2026-01-06 11:39:00,LOGIN_SUCCESS
LOGIN-00000038,OP-0046,VIS-L2-S50,EXEC-000038,WO-20260106-000038,ShiftType.MORNING,2026-01-06 11:20:00,2026-01-06 12:00:00,LOGIN_SUCCESS
LOGIN-00000039,OP-0005,PF-L4-S10,EXEC-000039,WO-20260106-000039,ShiftType.MORNING,2026-01-06 11:41:00,2026-01-06 12:20:00,LOGIN_SUCCESS
LOGIN-00000040,OP-0071,ASM-L4-S20,EXEC-000040,WO-20260106-000040,ShiftType.MORNING,2026-01-06 11:59:00,2026-01-06 12:39:00,LOGIN_SUCCESS
LOGIN-00000041,OP-0047,PF-L3-S10,EXEC-000041,WO-20260106-000041,ShiftType.MORNING,2026-01-06 12:21:00,2026-01-06 12:59:00,LOGIN_SUCCESS
LOGIN-00000042,OP-0025,PF-L1-S10,EXEC-000042,WO-20260106-000042,ShiftType.MORNING,2026-01-06 12:39:00,2026-01-06 13:16:00,LOGIN_SUCCESS
LOGIN-00000043,OP-0067,MOT-L1-S60,EXEC-000043,WO-20260106-000043,ShiftType.MORNING,2026-01-06 13:03:00,2026-01-06 13:37:00,LOGIN_SUCCESS
LOGIN-00000044,OP-0026,HVT-L1-S70,EXEC-000044,WO-20260106-000044,ShiftType.MORNING,2026-01-06 13:21:00,2026-01-06 13:59:00,LOGIN_SUCCESS
LOGIN-00000045,OP-0017,GBA-L6-S40,EXEC-000045,WO-20260106-000045,ShiftType.MORNING,2026-01-06 13:37:00,2026-01-06 14:18:00,LOGIN_SUCCESS
LOGIN-00000046,OP-0068,MOT-L1-S60,EXEC-000046,WO-20260106-000046,ShiftType.MORNING,2026-01-06 13:58:00,2026-01-06 14:40:00,LOGIN_SUCCESS
LOGIN-00000047,OP-0001,HVT-L5-S70,EXEC-000047,WO-20260107-000047,ShiftType.MORNING,2026-01-07 06:40:00,2026-01-07 07:19:00,LOGIN_SUCCESS
LOGIN-00000048,OP-0041,HVT-L1-S70,EXEC-000048,WO-20260107-000048,ShiftType.MORNING,2026-01-07 06:55:00,2026-01-07 07:39:00,LOGIN_SUCCESS
LOGIN-00000049,OP-0044,HVT-L3-S70,EXEC-000049,WO-20260107-000049,ShiftType.MORNING,2026-01-07 07:18:00,2026-01-07 07:56:00,LOGIN_SUCCESS
LOGIN-00000050,OP-0025,HVT-L4-S70,EXEC-000050,WO-20260107-000050,ShiftType.MORNING,2026-01-07 07:42:00,2026-01-07 08:19:00,LOGIN_SUCCESS
LOGIN-00000051,OP-0054,VIS-L4-S50,EXEC-000051,WO-20260107-000051,ShiftType.MORNING,2026-01-07 08:03:00,2026-01-07 08:38:00,LOGIN_SUCCESS
LOGIN-00000052,OP-0054,MOT-L2-S60,EXEC-000052,WO-20260107-000052,ShiftType.MORNING,2026-01-07 08:22:00,2026-01-07 08:57:00,LOGIN_SUCCESS
LOGIN-00000053,OP-0053,MOT-L4-S60,EXEC-000053,WO-20260107-000053,ShiftType.MORNING,2026-01-07 08:35:00,2026-01-07 09:19:00,LOGIN_SUCCESS
LOGIN-00000054,OP-0064,ASM-L3-S20,EXEC-000054,WO-20260107-000054,ShiftType.MORNING,2026-01-07 09:03:00,2026-01-07 09:36:00,LOGIN_SUCCESS
LOGIN-00000055,OP-0068,GBA-L3-S40,EXEC-000055,WO-20260107-000055,ShiftType.MORNING,2026-01-07 09:23:00,2026-01-07 09:56:00,LOGIN_SUCCESS
LOGIN-00000056,OP-0063,GBA-L1-S40,EXEC-000056,WO-20260107-000056,ShiftType.MORNING,2026-01-07 09:41:00,2026-01-07 10:17:00,LOGIN_SUCCESS
LOGIN-00000057,OP-0028,MOT-L3-S60,EXEC-000057,WO-20260107-000057,ShiftType.MORNING,2026-01-07 10:03:00,2026-01-07 10:38:00,LOGIN_SUCCESS
LOGIN-00000058,OP-0053,MOT-L6-S60,EXEC-000058,WO-20260107-000058,ShiftType.MORNING,2026-01-07 10:17:00,2026-01-07 10:59:00,LOGIN_SUCCESS
LOGIN-00000059,OP-0028,DTA-L6-S30,EXEC-000059,WO-20260107-000059,ShiftType.MORNING,2026-01-07 10:40:00,2026-01-07 11:19:00,LOGIN_SUCCESS
LOGIN-00000060,OP-0031,PF-L1-S10,EXEC-000060,WO-20260107-000060,ShiftType.MORNING,2026-01-07 11:02:00,2026-01-07 11:38:00,LOGIN_SUCCESS
LOGIN-00000061,OP-0052,PLT-L1-S80,EXEC-000061,WO-20260107-000061,ShiftType.MORNING,2026-01-07 11:15:00,2026-01-07 11:56:00,LOGIN_SUCCESS
LOGIN-00000062,OP-0016,PKG-L5-S90,EXEC-000062,WO-20260107-000062,ShiftType.MORNING,2026-01-07 11:39:00,2026-01-07 12:19:00,LOGIN_SUCCESS
LOGIN-00000063,OP-0034,HVT-L2-S70,EXEC-000063,WO-20260107-000063,ShiftType.MORNING,2026-01-07 12:03:00,2026-01-07 12:40:00,LOGIN_SUCCESS
LOGIN-00000064,OP-0023,GBA-L5-S40,EXEC-000064,WO-20260107-000064,ShiftType.MORNING,2026-01-07 12:16:00,2026-01-07 12:57:00,LOGIN_SUCCESS
LOGIN-00000065,OP-0035,VIS-L2-S50,EXEC-000065,WO-20260107-000065,ShiftType.MORNING,2026-01-07 12:40:00,2026-01-07 13:19:00,LOGIN_SUCCESS
LOGIN-00000066,OP-0023,GBA-L3-S40,EXEC-000066,WO-20260107-000066,ShiftType.MORNING,2026-01-07 13:02:00,2026-01-07 13:40:00,LOGIN_SUCCESS
LOGIN-00000067,OP-0028,MOT-L4-S60,EXEC-000067,WO-20260107-000067,ShiftType.MORNING,2026-01-07 13:22:00,2026-01-07 13:57:00,LOGIN_SUCCESS
LOGIN-00000068,OP-0007,GBA-L5-S40,EXEC-000068,WO-20260107-000068,ShiftType.MORNING,2026-01-07 13:35:00,2026-01-07 14:19:00,LOGIN_SUCCESS
LOGIN-00000069,OP-0013,PLT-L5-S80,EXEC-000069,WO-20260108-000069,ShiftType.MORNING,2026-01-08 06:35:00,2026-01-08 07:18:00,LOGIN_SUCCESS
LOGIN-00000070,OP-0055,DTA-L6-S30,EXEC-000070,WO-20260108-000070,ShiftType.MORNING,2026-01-08 06:56:00,2026-01-08 07:40:00,LOGIN_SUCCESS
LOGIN-00000071,OP-0052,VIS-L6-S50,EXEC-000071,WO-20260108-000071,ShiftType.MORNING,2026-01-08 07:20:00,2026-01-08 08:00:00,LOGIN_SUCCESS
LOGIN-00000072,OP-0068,PLT-L3-S80,EXEC-000072,WO-20260108-000072,ShiftType.MORNING,2026-01-08 07:37:00,2026-01-08 08:16:00,LOGIN_SUCCESS
LOGIN-00000073,OP-0003,ASM-L5-S20,EXEC-000073,WO-20260108-000073,ShiftType.MORNING,2026-01-08 07:59:00,2026-01-08 08:39:00,LOGIN_SUCCESS
LOGIN-00000074,OP-0014,HVT-L4-S70,EXEC-000074,WO-20260108-000074,ShiftType.MORNING,2026-01-08 08:20:00,2026-01-08 08:59:00,LOGIN_SUCCESS
LOGIN-00000075,OP-0020,MOT-L2-S60,EXEC-000075,WO-20260108-000075,ShiftType.MORNING,2026-01-08 08:40:00,2026-01-08 09:20:00,LOGIN_SUCCESS
LOGIN-00000076,OP-0055,DTA-L5-S30,EXEC-000076,WO-20260108-000076,ShiftType.MORNING,2026-01-08 08:55:00,2026-01-08 09:36:00,LOGIN_SUCCESS
LOGIN-00000077,OP-0060,MOT-L2-S60,EXEC-000077,WO-20260108-000077,ShiftType.MORNING,2026-01-08 09:18:00,2026-01-08 09:56:00,LOGIN_SUCCESS
LOGIN-00000078,OP-0044,GBA-L1-S40,EXEC-000078,WO-20260108-000078,ShiftType.MORNING,2026-01-08 09:43:00,2026-01-08 10:20:00,LOGIN_SUCCESS
LOGIN-00000079,OP-0046,HVT-L3-S70,EXEC-000079,WO-20260108-000079,ShiftType.MORNING,2026-01-08 09:58:00,2026-01-08 10:38:00,LOGIN_SUCCESS
LOGIN-00000080,OP-0062,PLT-L5-S80,EXEC-000080,WO-20260108-000080,ShiftType.MORNING,2026-01-08 10:18:00,2026-01-08 10:59:00,LOGIN_SUCCESS
LOGIN-00000081,OP-0013,GBA-L6-S40,EXEC-000081,WO-20260108-000081,ShiftType.MORNING,2026-01-08 10:41:00,2026-01-08 11:16:00,LOGIN_SUCCESS
LOGIN-00000082,OP-0036,DTA-L1-S30,EXEC-000082,WO-20260108-000082,ShiftType.MORNING,2026-01-08 11:02:00,2026-01-08 11:36:00,LOGIN_SUCCESS
LOGIN-00000083,OP-0063,PLT-L1-S80,EXEC-000083,WO-20260108-000083,ShiftType.MORNING,2026-01-08 11:21:00,2026-01-08 12:00:00,LOGIN_SUCCESS
LOGIN-00000084,OP-0045,DTA-L1-S30,EXEC-000084,WO-20260108-000084,ShiftType.MORNING,2026-01-08 11:41:00,2026-01-08 12:17:00,LOGIN_SUCCESS
LOGIN-00000085,OP-0034,ASM-L6-S20,EXEC-000085,WO-20260108-000085,ShiftType.MORNING,2026-01-08 11:58:00,2026-01-08 12:36:00,LOGIN_SUCCESS
LOGIN-00000086,OP-0049,ASM-L5-S20,EXEC-000086,WO-20260108-000086,ShiftType.MORNING,2026-01-08 12:17:00,2026-01-08 12:59:00,LOGIN_SUCCESS
LOGIN-00000087,OP-0031,MOT-L6-S60,EXEC-000087,WO-20260108-000087,ShiftType.MORNING,2026-01-08 12:35:00,2026-01-08 13:17:00,LOGIN_SUCCESS
LOGIN-00000088,OP-0032,DTA-L3-S30,EXEC-000088,WO-20260108-000088,ShiftType.MORNING,2026-01-08 12:57:00,2026-01-08 13:39:00,LOGIN_SUCCESS
LOGIN-00000089,OP-0045,PLT-L5-S80,EXEC-000089,WO-20260108-000089,ShiftType.MORNING,2026-01-08 13:23:00,2026-01-08 13:58:00,LOGIN_SUCCESS
LOGIN-00000090,OP-0050,DTA-L4-S30,EXEC-000090,WO-20260108-000090,ShiftType.MORNING,2026-01-08 13:39:00,2026-01-08 14:19:00,LOGIN_SUCCESS
LOGIN-00000091,OP-0002,DTA-L1-S30,EXEC-000091,WO-20260108-000091,ShiftType.MORNING,2026-01-08 13:56:00,2026-01-08 14:38:00,LOGIN_SUCCESS
LOGIN-00000092,OP-0044,PF-L4-S10,EXEC-000092,WO-20260109-000092,ShiftType.MORNING,2026-01-09 06:38:00,2026-01-09 07:17:00,LOGIN_SUCCESS
LOGIN-00000093,OP-0029,PLT-L4-S80,EXEC-000093,WO-20260109-000093,ShiftType.MORNING,2026-01-09 06:59:00,2026-01-09 07:36:00,LOGIN_SUCCESS
LOGIN-00000094,OP-0014,HVT-L4-S70,EXEC-000094,WO-20260109-000094,ShiftType.MORNING,2026-01-09 07:22:00,2026-01-09 07:57:00,LOGIN_SUCCESS
LOGIN-00000095,OP-0061,VIS-L5-S50,EXEC-000095,WO-20260109-000095,ShiftType.MORNING,2026-01-09 07:42:00,2026-01-09 08:19:00,LOGIN_SUCCESS
LOGIN-00000096,OP-0021,VIS-L2-S50,EXEC-000096,WO-20260109-000096,ShiftType.MORNING,2026-01-09 07:58:00,2026-01-09 08:37:00,LOGIN_SUCCESS
LOGIN-00000097,OP-0002,HVT-L1-S70,EXEC-000097,WO-20260109-000097,ShiftType.MORNING,2026-01-09 08:17:00,2026-01-09 08:56:00,LOGIN_SUCCESS
LOGIN-00000098,OP-0026,DTA-L6-S30,EXEC-000098,WO-20260109-000098,ShiftType.MORNING,2026-01-09 08:36:00,2026-01-09 09:17:00,LOGIN_SUCCESS
LOGIN-00000099,OP-0045,HVT-L2-S70,EXEC-000099,WO-20260109-000099,ShiftType.MORNING,2026-01-09 09:00:00,2026-01-09 09:37:00,LOGIN_SUCCESS
LOGIN-00000100,OP-0019,PLT-L1-S80,EXEC-000100,WO-20260109-000100,ShiftType.MORNING,2026-01-09 09:20:00,2026-01-09 09:58:00,LOGIN_SUCCESS
LOGIN-00000101,OP-0012,MOT-L3-S60,EXEC-000101,WO-20260109-000101,ShiftType.MORNING,2026-01-09 09:43:00,2026-01-09 10:19:00,LOGIN_SUCCESS
LOGIN-00000102,OP-0062,PKG-L4-S90,EXEC-000102,WO-20260109-000102,ShiftType.MORNING,2026-01-09 09:55:00,2026-01-09 10:36:00,LOGIN_SUCCESS
LOGIN-00000103,OP-0053,HVT-L5-S70,EXEC-000103,WO-20260109-000103,ShiftType.MORNING,2026-01-09 10:15:00,2026-01-09 10:57:00,LOGIN_SUCCESS
LOGIN-00000104,OP-0014,MOT-L3-S60,EXEC-000104,WO-20260109-000104,ShiftType.MORNING,2026-01-09 10:40:00,2026-01-09 11:20:00,LOGIN_SUCCESS
LOGIN-00000105,OP-0044,PF-L6-S10,EXEC-000105,WO-20260109-000105,ShiftType.MORNING,2026-01-09 10:58:00,2026-01-09 11:38:00,LOGIN_SUCCESS
LOGIN-00000106,OP-0051,PKG-L6-S90,EXEC-000106,WO-20260109-000106,ShiftType.MORNING,2026-01-09 11:21:00,2026-01-09 12:00:00,LOGIN_SUCCESS
LOGIN-00000107,OP-0052,DTA-L2-S30,EXEC-000107,WO-20260109-000107,ShiftType.MORNING,2026-01-09 11:36:00,2026-01-09 12:18:00,LOGIN_SUCCESS
LOGIN-00000108,OP-0033,PF-L6-S10,EXEC-000108,WO-20260109-000108,ShiftType.MORNING,2026-01-09 12:00:00,2026-01-09 12:37:00,LOGIN_SUCCESS
LOGIN-00000109,OP-0040,GBA-L6-S40,EXEC-000109,WO-20260109-000109,ShiftType.MORNING,2026-01-09 12:18:00,2026-01-09 12:57:00,LOGIN_SUCCESS
LOGIN-00000110,OP-0020,VIS-L5-S50,EXEC-000110,WO-20260109-000110,ShiftType.MORNING,2026-01-09 12:42:00,2026-01-09 13:18:00,LOGIN_SUCCESS
LOGIN-00000111,OP-0017,MOT-L4-S60,EXEC-000111,WO-20260110-000111,ShiftType.MORNING,2026-01-10 06:35:00,2026-01-10 07:17:00,LOGIN_SUCCESS
LOGIN-00000112,OP-0001,VIS-L5-S50,EXEC-000112,WO-20260110-000112,ShiftType.MORNING,2026-01-10 07:01:00,2026-01-10 07:40:00,LOGIN_SUCCESS
LOGIN-00000113,OP-0039,VIS-L6-S50,EXEC-000113,WO-20260110-000113,ShiftType.MORNING,2026-01-10 07:22:00,2026-01-10 07:56:00,LOGIN_SUCCESS
LOGIN-00000114,OP-0047,MOT-L2-S60,EXEC-000114,WO-20260110-000114,ShiftType.MORNING,2026-01-10 07:38:00,2026-01-10 08:20:00,LOGIN_SUCCESS
LOGIN-00000115,OP-0053,PLT-L2-S80,EXEC-000115,WO-20260110-000115,ShiftType.MORNING,2026-01-10 08:01:00,2026-01-10 08:36:00,LOGIN_SUCCESS
LOGIN-00000116,OP-0067,VIS-L2-S50,EXEC-000116,WO-20260110-000116,ShiftType.MORNING,2026-01-10 08:23:00,2026-01-10 08:57:00,LOGIN_SUCCESS
LOGIN-00000117,OP-0034,PF-L3-S10,EXEC-000117,WO-20260110-000117,ShiftType.MORNING,2026-01-10 08:38:00,2026-01-10 09:20:00,LOGIN_SUCCESS
LOGIN-00000118,OP-0038,PLT-L5-S80,EXEC-000118,WO-20260110-000118,ShiftType.MORNING,2026-01-10 08:56:00,2026-01-10 09:37:00,LOGIN_SUCCESS
LOGIN-00000119,OP-0005,PF-L2-S10,EXEC-000119,WO-20260110-000119,ShiftType.MORNING,2026-01-10 09:18:00,2026-01-10 09:59:00,LOGIN_SUCCESS
LOGIN-00000120,OP-0012,HVT-L3-S70,EXEC-000120,WO-20260110-000120,ShiftType.MORNING,2026-01-10 09:36:00,2026-01-10 10:20:00,LOGIN_SUCCESS
LOGIN-00000121,OP-0038,PLT-L6-S80,EXEC-000121,WO-20260110-000121,ShiftType.MORNING,2026-01-10 10:02:00,2026-01-10 10:39:00,LOGIN_SUCCESS
LOGIN-00000122,OP-0039,MOT-L1-S60,EXEC-000122,WO-20260110-000122,ShiftType.MORNING,2026-01-10 10:23:00,2026-01-10 11:00:00,LOGIN_SUCCESS
LOGIN-00000123,OP-0020,PF-L3-S10,EXEC-000123,WO-20260110-000123,ShiftType.MORNING,2026-01-10 10:42:00,2026-01-10 11:20:00,LOGIN_SUCCESS
LOGIN-00000124,OP-0061,PKG-L5-S90,EXEC-000124,WO-20260110-000124,ShiftType.MORNING,2026-01-10 10:57:00,2026-01-10 11:38:00,LOGIN_SUCCESS
LOGIN-00000125,OP-0071,GBA-L1-S40,EXEC-000125,WO-20260110-000125,ShiftType.MORNING,2026-01-10 11:22:00,2026-01-10 12:00:00,LOGIN_SUCCESS
LOGIN-00000126,OP-0019,MOT-L1-S60,EXEC-000126,WO-20260110-000126,ShiftType.MORNING,2026-01-10 11:41:00,2026-01-10 12:20:00,LOGIN_SUCCESS
LOGIN-00000127,OP-0038,DTA-L4-S30,EXEC-000127,WO-20260110-000127,ShiftType.MORNING,2026-01-10 12:00:00,2026-01-10 12:37:00,LOGIN_SUCCESS
LOGIN-00000128,OP-0038,DTA-L5-S30,EXEC-000128,WO-20260110-000128,ShiftType.MORNING,2026-01-10 12:17:00,2026-01-10 12:56:00,LOGIN_SUCCESS
LOGIN-00000129,OP-0043,GBA-L5-S40,EXEC-000129,WO-20260111-000129,ShiftType.MORNING,2026-01-11 06:43:00,2026-01-11 07:18:00,LOGIN_SUCCESS
LOGIN-00000130,OP-0015,VIS-L3-S50,EXEC-000130,WO-20260111-000130,ShiftType.MORNING,2026-01-11 06:56:00,2026-01-11 07:40:00,LOGIN_SUCCESS
LOGIN-00000131,OP-0064,ASM-L4-S20,EXEC-000131,WO-20260111-000131,ShiftType.MORNING,2026-01-11 07:17:00,2026-01-11 08:00:00,LOGIN_SUCCESS
LOGIN-00000132,OP-0069,ASM-L2-S20,EXEC-000132,WO-20260111-000132,ShiftType.MORNING,2026-01-11 07:37:00,2026-01-11 08:17:00,LOGIN_SUCCESS
LOGIN-00000133,OP-0071,ASM-L5-S20,EXEC-000133,WO-20260111-000133,ShiftType.MORNING,2026-01-11 07:59:00,2026-01-11 08:38:00,LOGIN_SUCCESS
LOGIN-00000134,OP-0023,HVT-L6-S70,EXEC-000134,WO-20260111-000134,ShiftType.MORNING,2026-01-11 08:18:00,2026-01-11 09:00:00,LOGIN_SUCCESS
LOGIN-00000135,OP-0030,DTA-L1-S30,EXEC-000135,WO-20260111-000135,ShiftType.MORNING,2026-01-11 08:40:00,2026-01-11 09:20:00,LOGIN_SUCCESS
LOGIN-00000136,OP-0028,PKG-L2-S90,EXEC-000136,WO-20260111-000136,ShiftType.MORNING,2026-01-11 09:00:00,2026-01-11 09:39:00,LOGIN_SUCCESS
LOGIN-00000137,OP-0060,PF-L4-S10,EXEC-000137,WO-20260111-000137,ShiftType.MORNING,2026-01-11 09:21:00,2026-01-11 09:57:00,LOGIN_SUCCESS
LOGIN-00000138,OP-0031,PF-L3-S10,EXEC-000138,WO-20260111-000138,ShiftType.MORNING,2026-01-11 09:37:00,2026-01-11 10:20:00,LOGIN_SUCCESS
LOGIN-00000139,OP-0044,DTA-L4-S30,EXEC-000139,WO-20260111-000139,ShiftType.MORNING,2026-01-11 10:02:00,2026-01-11 10:38:00,LOGIN_SUCCESS
LOGIN-00000140,OP-0053,PF-L2-S10,EXEC-000140,WO-20260111-000140,ShiftType.MORNING,2026-01-11 10:22:00,2026-01-11 10:56:00,LOGIN_SUCCESS
LOGIN-00000141,OP-0071,PLT-L2-S80,EXEC-000141,WO-20260111-000141,ShiftType.MORNING,2026-01-11 10:41:00,2026-01-11 11:18:00,LOGIN_SUCCESS
LOGIN-00000142,OP-0034,VIS-L5-S50,EXEC-000142,WO-20260111-000142,ShiftType.MORNING,2026-01-11 10:56:00,2026-01-11 11:37:00,LOGIN_SUCCESS
LOGIN-00000143,OP-0015,PKG-L4-S90,EXEC-000143,WO-20260111-000143,ShiftType.MORNING,2026-01-11 11:19:00,2026-01-11 11:59:00,LOGIN_SUCCESS
LOGIN-00000144,OP-0025,PF-L3-S10,EXEC-000144,WO-20260111-000144,ShiftType.MORNING,2026-01-11 11:41:00,2026-01-11 12:16:00,LOGIN_SUCCESS
LOGIN-00000145,OP-0004,VIS-L1-S50,EXEC-000145,WO-20260111-000145,ShiftType.MORNING,2026-01-11 12:01:00,2026-01-11 12:37:00,LOGIN_SUCCESS
LOGIN-00000146,OP-0069,GBA-L6-S40,EXEC-000146,WO-20260111-000146,ShiftType.MORNING,2026-01-11 12:21:00,2026-01-11 12:58:00,LOGIN_SUCCESS
LOGIN-00000147,OP-0010,GBA-L3-S40,EXEC-000147,WO-20260111-000147,ShiftType.MORNING,2026-01-11 12:35:00,2026-01-11 13:17:00,LOGIN_SUCCESS
LOGIN-00000148,OP-0006,VIS-L2-S50,EXEC-000148,WO-20260111-000148,ShiftType.MORNING,2026-01-11 12:59:00,2026-01-11 13:36:00,LOGIN_SUCCESS
LOGIN-00000149,OP-0026,HVT-L3-S70,EXEC-000149,WO-20260111-000149,ShiftType.MORNING,2026-01-11 13:21:00,2026-01-11 13:56:00,LOGIN_SUCCESS
LOGIN-00000150,OP-0072,ASM-L1-S20,EXEC-000150,WO-20260111-000150,ShiftType.MORNING,2026-01-11 13:42:00,2026-01-11 14:20:00,LOGIN_SUCCESS
LOGIN-00000151,OP-0036,HVT-L5-S70,EXEC-000151,WO-20260112-000151,ShiftType.MORNING,2026-01-12 06:36:00,2026-01-12 07:20:00,LOGIN_SUCCESS
LOGIN-00000152,OP-0003,VIS-L5-S50,EXEC-000152,WO-20260112-000152,ShiftType.MORNING,2026-01-12 06:59:00,2026-01-12 07:36:00,LOGIN_SUCCESS
LOGIN-00000153,OP-0039,HVT-L1-S70,EXEC-000153,WO-20260112-000153,ShiftType.MORNING,2026-01-12 07:21:00,2026-01-12 07:59:00,LOGIN_SUCCESS
LOGIN-00000154,OP-0038,MOT-L1-S60,EXEC-000154,WO-20260112-000154,ShiftType.MORNING,2026-01-12 07:38:00,2026-01-12 08:19:00,LOGIN_SUCCESS
LOGIN-00000155,OP-0020,VIS-L1-S50,EXEC-000155,WO-20260112-000155,ShiftType.MORNING,2026-01-12 07:57:00,2026-01-12 08:38:00,LOGIN_SUCCESS
LOGIN-00000156,OP-0035,MOT-L3-S60,EXEC-000156,WO-20260112-000156,ShiftType.MORNING,2026-01-12 08:18:00,2026-01-12 08:58:00,LOGIN_SUCCESS
LOGIN-00000157,OP-0067,PLT-L5-S80,EXEC-000157,WO-20260112-000157,ShiftType.MORNING,2026-01-12 08:40:00,2026-01-12 09:18:00,LOGIN_SUCCESS
LOGIN-00000158,OP-0037,PLT-L6-S80,EXEC-000158,WO-20260112-000158,ShiftType.MORNING,2026-01-12 08:56:00,2026-01-12 09:40:00,LOGIN_SUCCESS
LOGIN-00000159,OP-0046,VIS-L1-S50,EXEC-000159,WO-20260112-000159,ShiftType.MORNING,2026-01-12 09:19:00,2026-01-12 09:59:00,LOGIN_SUCCESS
LOGIN-00000160,OP-0044,ASM-L2-S20,EXEC-000160,WO-20260112-000160,ShiftType.MORNING,2026-01-12 09:37:00,2026-01-12 10:18:00,LOGIN_SUCCESS
LOGIN-00000161,OP-0048,MOT-L4-S60,EXEC-000161,WO-20260112-000161,ShiftType.MORNING,2026-01-12 10:02:00,2026-01-12 10:38:00,LOGIN_SUCCESS
LOGIN-00000162,OP-0003,VIS-L1-S50,EXEC-000162,WO-20260112-000162,ShiftType.MORNING,2026-01-12 10:20:00,2026-01-12 10:58:00,LOGIN_SUCCESS
LOGIN-00000163,OP-0047,GBA-L1-S40,EXEC-000163,WO-20260112-000163,ShiftType.MORNING,2026-01-12 10:43:00,2026-01-12 11:18:00,LOGIN_SUCCESS
LOGIN-00000164,OP-0017,ASM-L4-S20,EXEC-000164,WO-20260112-000164,ShiftType.MORNING,2026-01-12 11:02:00,2026-01-12 11:40:00,LOGIN_SUCCESS
LOGIN-00000165,OP-0019,DTA-L5-S30,EXEC-000165,WO-20260112-000165,ShiftType.MORNING,2026-01-12 11:23:00,2026-01-12 11:59:00,LOGIN_SUCCESS
LOGIN-00000166,OP-0035,VIS-L4-S50,EXEC-000166,WO-20260112-000166,ShiftType.MORNING,2026-01-12 11:38:00,2026-01-12 12:19:00,LOGIN_SUCCESS
LOGIN-00000167,OP-0028,DTA-L6-S30,EXEC-000167,WO-20260112-000167,ShiftType.MORNING,2026-01-12 12:03:00,2026-01-12 12:36:00,LOGIN_SUCCESS
LOGIN-00000168,OP-0034,MOT-L5-S60,EXEC-000168,WO-20260112-000168,ShiftType.MORNING,2026-01-12 12:20:00,2026-01-12 12:58:00,LOGIN_SUCCESS
LOGIN-00000169,OP-0072,GBA-L6-S40,EXEC-000169,WO-20260112-000169,ShiftType.MORNING,2026-01-12 12:40:00,2026-01-12 13:20:00,LOGIN_SUCCESS
LOGIN-00000170,OP-0008,ASM-L5-S20,EXEC-000170,WO-20260112-000170,ShiftType.MORNING,2026-01-12 12:55:00,2026-01-12 13:39:00,LOGIN_SUCCESS
LOGIN-00000171,OP-0070,PF-L2-S10,EXEC-000171,WO-20260113-000171,ShiftType.MORNING,2026-01-13 06:41:00,2026-01-13 07:20:00,LOGIN_SUCCESS
LOGIN-00000172,OP-0044,VIS-L5-S50,EXEC-000172,WO-20260113-000172,ShiftType.MORNING,2026-01-13 06:56:00,2026-01-13 07:38:00,LOGIN_SUCCESS
LOGIN-00000173,OP-0059,PLT-L3-S80,EXEC-000173,WO-20260113-000173,ShiftType.MORNING,2026-01-13 07:23:00,2026-01-13 07:59:00,LOGIN_SUCCESS
LOGIN-00000174,OP-0043,PF-L1-S10,EXEC-000174,WO-20260113-000174,ShiftType.MORNING,2026-01-13 07:37:00,2026-01-13 08:17:00,LOGIN_SUCCESS
LOGIN-00000175,OP-0017,VIS-L1-S50,EXEC-000175,WO-20260113-000175,ShiftType.MORNING,2026-01-13 08:00:00,2026-01-13 08:37:00,LOGIN_SUCCESS
LOGIN-00000176,OP-0018,VIS-L2-S50,EXEC-000176,WO-20260113-000176,ShiftType.MORNING,2026-01-13 08:17:00,2026-01-13 08:56:00,LOGIN_SUCCESS
LOGIN-00000177,OP-0005,PLT-L3-S80,EXEC-000177,WO-20260113-000177,ShiftType.MORNING,2026-01-13 08:38:00,2026-01-13 09:18:00,LOGIN_SUCCESS
LOGIN-00000178,OP-0063,PLT-L6-S80,EXEC-000178,WO-20260113-000178,ShiftType.MORNING,2026-01-13 09:00:00,2026-01-13 09:36:00,LOGIN_SUCCESS
LOGIN-00000179,OP-0038,VIS-L1-S50,EXEC-000179,WO-20260113-000179,ShiftType.MORNING,2026-01-13 09:20:00,2026-01-13 09:56:00,LOGIN_SUCCESS
LOGIN-00000180,OP-0038,PLT-L4-S80,EXEC-000180,WO-20260113-000180,ShiftType.MORNING,2026-01-13 09:37:00,2026-01-13 10:20:00,LOGIN_SUCCESS
LOGIN-00000181,OP-0068,GBA-L6-S40,EXEC-000181,WO-20260113-000181,ShiftType.MORNING,2026-01-13 09:58:00,2026-01-13 10:39:00,LOGIN_SUCCESS
LOGIN-00000182,OP-0036,PLT-L5-S80,EXEC-000182,WO-20260113-000182,ShiftType.MORNING,2026-01-13 10:20:00,2026-01-13 10:56:00,LOGIN_SUCCESS
LOGIN-00000183,OP-0011,ASM-L4-S20,EXEC-000183,WO-20260113-000183,ShiftType.MORNING,2026-01-13 10:36:00,2026-01-13 11:18:00,LOGIN_SUCCESS
LOGIN-00000184,OP-0030,PKG-L5-S90,EXEC-000184,WO-20260113-000184,ShiftType.MORNING,2026-01-13 11:00:00,2026-01-13 11:40:00,LOGIN_SUCCESS
LOGIN-00000185,OP-0006,ASM-L5-S20,EXEC-000185,WO-20260113-000185,ShiftType.MORNING,2026-01-13 11:23:00,2026-01-13 11:56:00,LOGIN_SUCCESS
LOGIN-00000186,OP-0010,MOT-L5-S60,EXEC-000186,WO-20260113-000186,ShiftType.MORNING,2026-01-13 11:38:00,2026-01-13 12:19:00,LOGIN_SUCCESS
LOGIN-00000187,OP-0030,HVT-L4-S70,EXEC-000187,WO-20260113-000187,ShiftType.MORNING,2026-01-13 12:03:00,2026-01-13 12:36:00,LOGIN_SUCCESS
LOGIN-00000188,OP-0012,MOT-L5-S60,EXEC-000188,WO-20260113-000188,ShiftType.MORNING,2026-01-13 12:23:00,2026-01-13 12:59:00,LOGIN_SUCCESS
LOGIN-00000189,OP-0033,PKG-L5-S90,EXEC-000189,WO-20260113-000189,ShiftType.MORNING,2026-01-13 12:39:00,2026-01-13 13:16:00,LOGIN_SUCCESS
LOGIN-00000190,OP-0016,PF-L6-S10,EXEC-000190,WO-20260113-000190,ShiftType.MORNING,2026-01-13 13:00:00,2026-01-13 13:37:00,LOGIN_SUCCESS
LOGIN-00000191,OP-0059,ASM-L4-S20,EXEC-000191,WO-20260113-000191,ShiftType.MORNING,2026-01-13 13:20:00,2026-01-13 13:57:00,LOGIN_SUCCESS
LOGIN-00000192,OP-0045,DTA-L3-S30,EXEC-000192,WO-20260113-000192,ShiftType.MORNING,2026-01-13 13:39:00,2026-01-13 14:18:00,LOGIN_SUCCESS
LOGIN-00000193,OP-0050,VIS-L4-S50,EXEC-000193,WO-20260114-000193,ShiftType.MORNING,2026-01-14 06:42:00,2026-01-14 07:18:00,LOGIN_SUCCESS
LOGIN-00000194,OP-0005,DTA-L6-S30,EXEC-000194,WO-20260114-000194,ShiftType.MORNING,2026-01-14 06:57:00,2026-01-14 07:37:00,LOGIN_SUCCESS
LOGIN-00000195,OP-0019,PKG-L6-S90,EXEC-000195,WO-20260114-000195,ShiftType.MORNING,2026-01-14 07:16:00,2026-01-14 07:58:00,LOGIN_SUCCESS
LOGIN-00000196,OP-0015,MOT-L3-S60,EXEC-000196,WO-20260114-000196,ShiftType.MORNING,2026-01-14 07:37:00,2026-01-14 08:16:00,LOGIN_SUCCESS
LOGIN-00000197,OP-0005,PF-L6-S10,EXEC-000197,WO-20260114-000197,ShiftType.MORNING,2026-01-14 08:00:00,2026-01-14 08:40:00,LOGIN_SUCCESS
LOGIN-00000198,OP-0062,GBA-L1-S40,EXEC-000198,WO-20260114-000198,ShiftType.MORNING,2026-01-14 08:21:00,2026-01-14 08:56:00,LOGIN_SUCCESS
LOGIN-00000199,OP-0032,GBA-L6-S40,EXEC-000199,WO-20260114-000199,ShiftType.MORNING,2026-01-14 08:41:00,2026-01-14 09:19:00,LOGIN_SUCCESS
LOGIN-00000200,OP-0049,ASM-L5-S20,EXEC-000200,WO-20260114-000200,ShiftType.MORNING,2026-01-14 09:02:00,2026-01-14 09:40:00,LOGIN_SUCCESS
LOGIN-00000201,OP-0013,PF-L1-S10,EXEC-000201,WO-20260114-000201,ShiftType.MORNING,2026-01-14 09:20:00,2026-01-14 09:56:00,LOGIN_SUCCESS
LOGIN-00000202,OP-0027,MOT-L1-S60,EXEC-000202,WO-20260114-000202,ShiftType.MORNING,2026-01-14 09:39:00,2026-01-14 10:19:00,LOGIN_SUCCESS
LOGIN-00000203,OP-0034,PLT-L1-S80,EXEC-000203,WO-20260114-000203,ShiftType.MORNING,2026-01-14 09:55:00,2026-01-14 10:36:00,LOGIN_SUCCESS
LOGIN-00000204,OP-0041,PLT-L3-S80,EXEC-000204,WO-20260114-000204,ShiftType.MORNING,2026-01-14 10:19:00,2026-01-14 11:00:00,LOGIN_SUCCESS
LOGIN-00000205,OP-0036,VIS-L6-S50,EXEC-000205,WO-20260114-000205,ShiftType.MORNING,2026-01-14 10:39:00,2026-01-14 11:16:00,LOGIN_SUCCESS
LOGIN-00000206,OP-0020,PLT-L6-S80,EXEC-000206,WO-20260114-000206,ShiftType.MORNING,2026-01-14 10:59:00,2026-01-14 11:36:00,LOGIN_SUCCESS
LOGIN-00000207,OP-0038,PLT-L5-S80,EXEC-000207,WO-20260114-000207,ShiftType.MORNING,2026-01-14 11:17:00,2026-01-14 11:58:00,LOGIN_SUCCESS
LOGIN-00000208,OP-0047,MOT-L3-S60,EXEC-000208,WO-20260114-000208,ShiftType.MORNING,2026-01-14 11:43:00,2026-01-14 12:20:00,LOGIN_SUCCESS
LOGIN-00000209,OP-0028,ASM-L1-S20,EXEC-000209,WO-20260114-000209,ShiftType.MORNING,2026-01-14 11:56:00,2026-01-14 12:36:00,LOGIN_SUCCESS
LOGIN-00000210,OP-0013,PKG-L1-S90,EXEC-000210,WO-20260114-000210,ShiftType.MORNING,2026-01-14 12:20:00,2026-01-14 12:58:00,LOGIN_SUCCESS
LOGIN-00000211,OP-0068,GBA-L4-S40,EXEC-000211,WO-20260115-000211,ShiftType.MORNING,2026-01-15 06:41:00,2026-01-15 07:16:00,LOGIN_SUCCESS
LOGIN-00000212,OP-0011,ASM-L1-S20,EXEC-000212,WO-20260115-000212,ShiftType.MORNING,2026-01-15 06:55:00,2026-01-15 07:38:00,LOGIN_SUCCESS
LOGIN-00000213,OP-0034,MOT-L6-S60,EXEC-000213,WO-20260115-000213,ShiftType.MORNING,2026-01-15 07:20:00,2026-01-15 07:56:00,LOGIN_SUCCESS
LOGIN-00000214,OP-0032,PF-L6-S10,EXEC-000214,WO-20260115-000214,ShiftType.MORNING,2026-01-15 07:39:00,2026-01-15 08:17:00,LOGIN_SUCCESS
LOGIN-00000215,OP-0023,MOT-L5-S60,EXEC-000215,WO-20260115-000215,ShiftType.MORNING,2026-01-15 07:56:00,2026-01-15 08:38:00,LOGIN_SUCCESS
LOGIN-00000216,OP-0018,HVT-L2-S70,EXEC-000216,WO-20260115-000216,ShiftType.MORNING,2026-01-15 08:20:00,2026-01-15 09:00:00,LOGIN_SUCCESS
LOGIN-00000217,OP-0008,DTA-L3-S30,EXEC-000217,WO-20260115-000217,ShiftType.MORNING,2026-01-15 08:38:00,2026-01-15 09:17:00,LOGIN_SUCCESS
LOGIN-00000218,OP-0024,ASM-L5-S20,EXEC-000218,WO-20260115-000218,ShiftType.MORNING,2026-01-15 08:57:00,2026-01-15 09:38:00,LOGIN_SUCCESS
LOGIN-00000219,OP-0039,GBA-L4-S40,EXEC-000219,WO-20260115-000219,ShiftType.MORNING,2026-01-15 09:18:00,2026-01-15 09:58:00,LOGIN_SUCCESS
LOGIN-00000220,OP-0019,HVT-L2-S70,EXEC-000220,WO-20260115-000220,ShiftType.MORNING,2026-01-15 09:41:00,2026-01-15 10:16:00,LOGIN_SUCCESS
LOGIN-00000221,OP-0061,PLT-L6-S80,EXEC-000221,WO-20260115-000221,ShiftType.MORNING,2026-01-15 10:03:00,2026-01-15 10:36:00,LOGIN_SUCCESS
LOGIN-00000222,OP-0010,PF-L1-S10,EXEC-000222,WO-20260115-000222,ShiftType.MORNING,2026-01-15 10:23:00,2026-01-15 10:58:00,LOGIN_SUCCESS
LOGIN-00000223,OP-0051,HVT-L2-S70,EXEC-000223,WO-20260115-000223,ShiftType.MORNING,2026-01-15 10:36:00,2026-01-15 11:17:00,LOGIN_SUCCESS
LOGIN-00000224,OP-0052,VIS-L5-S50,EXEC-000224,WO-20260115-000224,ShiftType.MORNING,2026-01-15 10:59:00,2026-01-15 11:39:00,LOGIN_SUCCESS
LOGIN-00000225,OP-0064,MOT-L3-S60,EXEC-000225,WO-20260115-000225,ShiftType.MORNING,2026-01-15 11:23:00,2026-01-15 11:58:00,LOGIN_SUCCESS
LOGIN-00000226,OP-0013,HVT-L6-S70,EXEC-000226,WO-20260115-000226,ShiftType.MORNING,2026-01-15 11:41:00,2026-01-15 12:16:00,LOGIN_SUCCESS
LOGIN-00000227,OP-0017,HVT-L1-S70,EXEC-000227,WO-20260115-000227,ShiftType.MORNING,2026-01-15 12:00:00,2026-01-15 12:36:00,LOGIN_SUCCESS
LOGIN-00000228,OP-0030,GBA-L2-S40,EXEC-000228,WO-20260115-000228,ShiftType.MORNING,2026-01-15 12:19:00,2026-01-15 12:59:00,LOGIN_SUCCESS
LOGIN-00000229,OP-0021,DTA-L2-S30,EXEC-000229,WO-20260115-000229,ShiftType.MORNING,2026-01-15 12:37:00,2026-01-15 13:19:00,LOGIN_SUCCESS
LOGIN-00000230,OP-0014,PLT-L5-S80,EXEC-000230,WO-20260115-000230,ShiftType.MORNING,2026-01-15 12:57:00,2026-01-15 13:38:00,LOGIN_SUCCESS
LOGIN-00000231,OP-0061,PLT-L4-S80,EXEC-000231,WO-20260115-000231,ShiftType.MORNING,2026-01-15 13:17:00,2026-01-15 14:00:00,LOGIN_SUCCESS
LOGIN-00000232,OP-0068,HVT-L6-S70,EXEC-000232,WO-20260115-000232,ShiftType.MORNING,2026-01-15 13:43:00,2026-01-15 14:17:00,LOGIN_SUCCESS
LOGIN-00000233,OP-0050,MOT-L6-S60,EXEC-000233,WO-20260115-000233,ShiftType.MORNING,2026-01-15 13:56:00,2026-01-15 14:37:00,LOGIN_SUCCESS
LOGIN-00000234,OP-0071,PLT-L5-S80,EXEC-000234,WO-20260115-000234,ShiftType.MORNING,2026-01-15 14:22:00,2026-01-15 14:56:00,LOGIN_SUCCESS
LOGIN-00000235,OP-0065,DTA-L4-S30,EXEC-000235,WO-20260116-000235,ShiftType.MORNING,2026-01-16 06:35:00,2026-01-16 07:17:00,LOGIN_SUCCESS
LOGIN-00000236,OP-0059,HVT-L5-S70,EXEC-000236,WO-20260116-000236,ShiftType.MORNING,2026-01-16 07:01:00,2026-01-16 07:39:00,LOGIN_SUCCESS
LOGIN-00000237,OP-0050,PF-L2-S10,EXEC-000237,WO-20260116-000237,ShiftType.MORNING,2026-01-16 07:23:00,2026-01-16 07:56:00,LOGIN_SUCCESS
LOGIN-00000238,OP-0061,HVT-L4-S70,EXEC-000238,WO-20260116-000238,ShiftType.MORNING,2026-01-16 07:42:00,2026-01-16 08:19:00,LOGIN_SUCCESS
LOGIN-00000239,OP-0008,GBA-L3-S40,EXEC-000239,WO-20260116-000239,ShiftType.MORNING,2026-01-16 07:55:00,2026-01-16 08:38:00,LOGIN_SUCCESS
LOGIN-00000240,OP-0049,PKG-L5-S90,EXEC-000240,WO-20260116-000240,ShiftType.MORNING,2026-01-16 08:22:00,2026-01-16 08:56:00,LOGIN_SUCCESS
LOGIN-00000241,OP-0046,PKG-L1-S90,EXEC-000241,WO-20260116-000241,ShiftType.MORNING,2026-01-16 08:39:00,2026-01-16 09:18:00,LOGIN_SUCCESS
LOGIN-00000242,OP-0011,ASM-L4-S20,EXEC-000242,WO-20260116-000242,ShiftType.MORNING,2026-01-16 08:55:00,2026-01-16 09:36:00,LOGIN_SUCCESS
LOGIN-00000243,OP-0032,PKG-L3-S90,EXEC-000243,WO-20260116-000243,ShiftType.MORNING,2026-01-16 09:23:00,2026-01-16 09:59:00,LOGIN_SUCCESS
LOGIN-00000244,OP-0071,GBA-L3-S40,EXEC-000244,WO-20260116-000244,ShiftType.MORNING,2026-01-16 09:38:00,2026-01-16 10:17:00,LOGIN_SUCCESS
LOGIN-00000245,OP-0027,PLT-L1-S80,EXEC-000245,WO-20260116-000245,ShiftType.MORNING,2026-01-16 10:03:00,2026-01-16 10:40:00,LOGIN_SUCCESS
LOGIN-00000246,OP-0063,PKG-L2-S90,EXEC-000246,WO-20260116-000246,ShiftType.MORNING,2026-01-16 10:17:00,2026-01-16 11:00:00,LOGIN_SUCCESS
LOGIN-00000247,OP-0069,MOT-L3-S60,EXEC-000247,WO-20260116-000247,ShiftType.MORNING,2026-01-16 10:36:00,2026-01-16 11:16:00,LOGIN_SUCCESS
LOGIN-00000248,OP-0047,PF-L5-S10,EXEC-000248,WO-20260116-000248,ShiftType.MORNING,2026-01-16 10:57:00,2026-01-16 11:38:00,LOGIN_SUCCESS
LOGIN-00000249,OP-0029,GBA-L1-S40,EXEC-000249,WO-20260116-000249,ShiftType.MORNING,2026-01-16 11:18:00,2026-01-16 11:58:00,LOGIN_SUCCESS
LOGIN-00000250,OP-0063,GBA-L5-S40,EXEC-000250,WO-20260116-000250,ShiftType.MORNING,2026-01-16 11:43:00,2026-01-16 12:17:00,LOGIN_SUCCESS
LOGIN-00000251,OP-0006,ASM-L1-S20,EXEC-000251,WO-20260116-000251,ShiftType.MORNING,2026-01-16 11:56:00,2026-01-16 12:37:00,LOGIN_SUCCESS
LOGIN-00000252,OP-0020,DTA-L1-S30,EXEC-000252,WO-20260116-000252,ShiftType.MORNING,2026-01-16 12:18:00,2026-01-16 12:58:00,LOGIN_SUCCESS
LOGIN-00000253,OP-0052,HVT-L2-S70,EXEC-000253,WO-20260116-000253,ShiftType.MORNING,2026-01-16 12:39:00,2026-01-16 13:17:00,LOGIN_SUCCESS
LOGIN-00000254,OP-0007,DTA-L2-S30,EXEC-000254,WO-20260116-000254,ShiftType.MORNING,2026-01-16 12:59:00,2026-01-16 13:39:00,LOGIN_SUCCESS
LOGIN-00000255,OP-0036,GBA-L2-S40,EXEC-000255,WO-20260116-000255,ShiftType.MORNING,2026-01-16 13:17:00,2026-01-16 13:59:00,LOGIN_SUCCESS
LOGIN-00000256,OP-0006,PLT-L6-S80,EXEC-000256,WO-20260116-000256,ShiftType.MORNING,2026-01-16 13:41:00,2026-01-16 14:19:00,LOGIN_SUCCESS
LOGIN-00000257,OP-0020,MOT-L4-S60,EXEC-000257,WO-20260117-000257,ShiftType.MORNING,2026-01-17 06:35:00,2026-01-17 07:17:00,LOGIN_SUCCESS
LOGIN-00000258,OP-0043,ASM-L5-S20,EXEC-000258,WO-20260117-000258,ShiftType.MORNING,2026-01-17 07:00:00,2026-01-17 07:36:00,LOGIN_SUCCESS
LOGIN-00000259,OP-0056,GBA-L4-S40,EXEC-000259,WO-20260117-000259,ShiftType.MORNING,2026-01-17 07:15:00,2026-01-17 07:56:00,LOGIN_SUCCESS
LOGIN-00000260,OP-0072,PF-L5-S10,EXEC-000260,WO-20260117-000260,ShiftType.MORNING,2026-01-17 07:37:00,2026-01-17 08:18:00,LOGIN_SUCCESS
LOGIN-00000261,OP-0056,PLT-L3-S80,EXEC-000261,WO-20260117-000261,ShiftType.MORNING,2026-01-17 07:57:00,2026-01-17 08:37:00,LOGIN_SUCCESS
LOGIN-00000262,OP-0034,DTA-L6-S30,EXEC-000262,WO-20260117-000262,ShiftType.MORNING,2026-01-17 08:22:00,2026-01-17 08:58:00,LOGIN_SUCCESS
LOGIN-00000263,OP-0046,HVT-L4-S70,EXEC-000263,WO-20260117-000263,ShiftType.MORNING,2026-01-17 08:40:00,2026-01-17 09:18:00,LOGIN_SUCCESS
LOGIN-00000264,OP-0024,VIS-L6-S50,EXEC-000264,WO-20260117-000264,ShiftType.MORNING,2026-01-17 08:58:00,2026-01-17 09:36:00,LOGIN_SUCCESS
LOGIN-00000265,OP-0008,DTA-L6-S30,EXEC-000265,WO-20260117-000265,ShiftType.MORNING,2026-01-17 09:19:00,2026-01-17 09:57:00,LOGIN_SUCCESS
LOGIN-00000266,OP-0037,MOT-L6-S60,EXEC-000266,WO-20260117-000266,ShiftType.MORNING,2026-01-17 09:37:00,2026-01-17 10:20:00,LOGIN_SUCCESS
LOGIN-00000267,OP-0068,GBA-L5-S40,EXEC-000267,WO-20260117-000267,ShiftType.MORNING,2026-01-17 09:59:00,2026-01-17 10:37:00,LOGIN_SUCCESS
LOGIN-00000268,OP-0043,PLT-L2-S80,EXEC-000268,WO-20260117-000268,ShiftType.MORNING,2026-01-17 10:20:00,2026-01-17 11:00:00,LOGIN_SUCCESS
LOGIN-00000269,OP-0012,PKG-L2-S90,EXEC-000269,WO-20260117-000269,ShiftType.MORNING,2026-01-17 10:37:00,2026-01-17 11:18:00,LOGIN_SUCCESS
LOGIN-00000270,OP-0031,ASM-L1-S20,EXEC-000270,WO-20260117-000270,ShiftType.MORNING,2026-01-17 11:01:00,2026-01-17 11:36:00,LOGIN_SUCCESS
LOGIN-00000271,OP-0033,PLT-L5-S80,EXEC-000271,WO-20260117-000271,ShiftType.MORNING,2026-01-17 11:19:00,2026-01-17 11:57:00,LOGIN_SUCCESS
LOGIN-00000272,OP-0016,MOT-L6-S60,EXEC-000272,WO-20260117-000272,ShiftType.MORNING,2026-01-17 11:41:00,2026-01-17 12:20:00,LOGIN_SUCCESS
LOGIN-00000273,OP-0015,DTA-L5-S30,EXEC-000273,WO-20260117-000273,ShiftType.MORNING,2026-01-17 11:59:00,2026-01-17 12:39:00,LOGIN_SUCCESS
LOGIN-00000274,OP-0027,HVT-L6-S70,EXEC-000274,WO-20260117-000274,ShiftType.MORNING,2026-01-17 12:15:00,2026-01-17 13:00:00,LOGIN_SUCCESS
LOGIN-00000275,OP-0020,PKG-L4-S90,EXEC-000275,WO-20260117-000275,ShiftType.MORNING,2026-01-17 12:39:00,2026-01-17 13:19:00,LOGIN_SUCCESS
LOGIN-00000276,OP-0048,VIS-L3-S50,EXEC-000276,WO-20260118-000276,ShiftType.MORNING,2026-01-18 06:42:00,2026-01-18 07:19:00,LOGIN_SUCCESS
LOGIN-00000277,OP-0034,MOT-L6-S60,EXEC-000277,WO-20260118-000277,ShiftType.MORNING,2026-01-18 06:59:00,2026-01-18 07:40:00,LOGIN_SUCCESS
LOGIN-00000278,OP-0049,VIS-L2-S50,EXEC-000278,WO-20260118-000278,ShiftType.MORNING,2026-01-18 07:17:00,2026-01-18 07:59:00,LOGIN_SUCCESS
LOGIN-00000279,OP-0069,DTA-L3-S30,EXEC-000279,WO-20260118-000279,ShiftType.MORNING,2026-01-18 07:42:00,2026-01-18 08:17:00,LOGIN_SUCCESS
LOGIN-00000280,OP-0022,ASM-L3-S20,EXEC-000280,WO-20260118-000280,ShiftType.MORNING,2026-01-18 08:00:00,2026-01-18 08:37:00,LOGIN_SUCCESS
LOGIN-00000281,OP-0039,PKG-L6-S90,EXEC-000281,WO-20260118-000281,ShiftType.MORNING,2026-01-18 08:19:00,2026-01-18 08:58:00,LOGIN_SUCCESS
LOGIN-00000282,OP-0003,MOT-L5-S60,EXEC-000282,WO-20260118-000282,ShiftType.MORNING,2026-01-18 08:39:00,2026-01-18 09:20:00,LOGIN_SUCCESS
LOGIN-00000283,OP-0050,PKG-L4-S90,EXEC-000283,WO-20260118-000283,ShiftType.MORNING,2026-01-18 08:56:00,2026-01-18 09:36:00,LOGIN_SUCCESS
LOGIN-00000284,OP-0015,PLT-L1-S80,EXEC-000284,WO-20260118-000284,ShiftType.MORNING,2026-01-18 09:22:00,2026-01-18 09:56:00,LOGIN_SUCCESS
LOGIN-00000285,OP-0028,ASM-L3-S20,EXEC-000285,WO-20260118-000285,ShiftType.MORNING,2026-01-18 09:42:00,2026-01-18 10:16:00,LOGIN_SUCCESS
LOGIN-00000286,OP-0021,DTA-L6-S30,EXEC-000286,WO-20260118-000286,ShiftType.MORNING,2026-01-18 09:58:00,2026-01-18 10:36:00,LOGIN_SUCCESS
LOGIN-00000287,OP-0001,GBA-L2-S40,EXEC-000287,WO-20260118-000287,ShiftType.MORNING,2026-01-18 10:20:00,2026-01-18 10:57:00,LOGIN_SUCCESS
LOGIN-00000288,OP-0034,PLT-L3-S80,EXEC-000288,WO-20260118-000288,ShiftType.MORNING,2026-01-18 10:38:00,2026-01-18 11:20:00,LOGIN_SUCCESS
LOGIN-00000289,OP-0001,GBA-L6-S40,EXEC-000289,WO-20260118-000289,ShiftType.MORNING,2026-01-18 11:00:00,2026-01-18 11:38:00,LOGIN_SUCCESS
LOGIN-00000290,OP-0022,PKG-L4-S90,EXEC-000290,WO-20260118-000290,ShiftType.MORNING,2026-01-18 11:20:00,2026-01-18 11:59:00,LOGIN_SUCCESS
LOGIN-00000291,OP-0001,PLT-L2-S80,EXEC-000291,WO-20260118-000291,ShiftType.MORNING,2026-01-18 11:37:00,2026-01-18 12:16:00,LOGIN_SUCCESS
LOGIN-00000292,OP-0053,ASM-L2-S20,EXEC-000292,WO-20260118-000292,ShiftType.MORNING,2026-01-18 11:59:00,2026-01-18 12:36:00,LOGIN_SUCCESS
LOGIN-00000293,OP-0037,HVT-L3-S70,EXEC-000293,WO-20260118-000293,ShiftType.MORNING,2026-01-18 12:15:00,2026-01-18 13:00:00,LOGIN_SUCCESS
LOGIN-00000294,OP-0003,ASM-L6-S20,EXEC-000294,WO-20260118-000294,ShiftType.MORNING,2026-01-18 12:37:00,2026-01-18 13:16:00,LOGIN_SUCCESS
LOGIN-00000295,OP-0051,VIS-L3-S50,EXEC-000295,WO-20260118-000295,ShiftType.MORNING,2026-01-18 13:03:00,2026-01-18 13:36:00,LOGIN_SUCCESS
LOGIN-00000296,OP-0022,PKG-L6-S90,EXEC-000296,WO-20260118-000296,ShiftType.MORNING,2026-01-18 13:21:00,2026-01-18 13:59:00,LOGIN_SUCCESS
LOGIN-00000297,OP-0005,HVT-L1-S70,EXEC-000297,WO-20260118-000297,ShiftType.MORNING,2026-01-18 13:37:00,2026-01-18 14:17:00,LOGIN_SUCCESS
LOGIN-00000298,OP-0012,ASM-L5-S20,EXEC-000298,WO-20260119-000298,ShiftType.MORNING,2026-01-19 06:42:00,2026-01-19 07:17:00,LOGIN_SUCCESS
LOGIN-00000299,OP-0024,VIS-L2-S50,EXEC-000299,WO-20260119-000299,ShiftType.MORNING,2026-01-19 07:01:00,2026-01-19 07:40:00,LOGIN_SUCCESS
LOGIN-00000300,OP-0046,MOT-L5-S60,EXEC-000300,WO-20260119-000300,ShiftType.MORNING,2026-01-19 07:21:00,2026-01-19 07:58:00,LOGIN_SUCCESS
LOGIN-00000301,OP-0063,MOT-L5-S60,EXEC-000301,WO-20260119-000301,ShiftType.MORNING,2026-01-19 07:36:00,2026-01-19 08:17:00,LOGIN_SUCCESS
LOGIN-00000302,OP-0036,PF-L3-S10,EXEC-000302,WO-20260119-000302,ShiftType.MORNING,2026-01-19 08:03:00,2026-01-19 08:36:00,LOGIN_SUCCESS
LOGIN-00000303,OP-0028,GBA-L3-S40,EXEC-000303,WO-20260119-000303,ShiftType.MORNING,2026-01-19 08:16:00,2026-01-19 08:58:00,LOGIN_SUCCESS
LOGIN-00000304,OP-0036,ASM-L5-S20,EXEC-000304,WO-20260119-000304,ShiftType.MORNING,2026-01-19 08:42:00,2026-01-19 09:16:00,LOGIN_SUCCESS
LOGIN-00000305,OP-0029,PF-L1-S10,EXEC-000305,WO-20260119-000305,ShiftType.MORNING,2026-01-19 08:59:00,2026-01-19 09:39:00,LOGIN_SUCCESS
LOGIN-00000306,OP-0005,VIS-L3-S50,EXEC-000306,WO-20260119-000306,ShiftType.MORNING,2026-01-19 09:22:00,2026-01-19 09:56:00,LOGIN_SUCCESS
LOGIN-00000307,OP-0027,VIS-L1-S50,EXEC-000307,WO-20260119-000307,ShiftType.MORNING,2026-01-19 09:37:00,2026-01-19 10:20:00,LOGIN_SUCCESS
LOGIN-00000308,OP-0007,ASM-L3-S20,EXEC-000308,WO-20260119-000308,ShiftType.MORNING,2026-01-19 09:57:00,2026-01-19 10:37:00,LOGIN_SUCCESS
LOGIN-00000309,OP-0039,HVT-L6-S70,EXEC-000309,WO-20260119-000309,ShiftType.MORNING,2026-01-19 10:18:00,2026-01-19 10:57:00,LOGIN_SUCCESS
LOGIN-00000310,OP-0027,ASM-L2-S20,EXEC-000310,WO-20260119-000310,ShiftType.MORNING,2026-01-19 10:36:00,2026-01-19 11:19:00,LOGIN_SUCCESS
LOGIN-00000311,OP-0007,GBA-L1-S40,EXEC-000311,WO-20260119-000311,ShiftType.MORNING,2026-01-19 11:02:00,2026-01-19 11:37:00,LOGIN_SUCCESS
LOGIN-00000312,OP-0013,DTA-L2-S30,EXEC-000312,WO-20260119-000312,ShiftType.MORNING,2026-01-19 11:17:00,2026-01-19 11:56:00,LOGIN_SUCCESS
LOGIN-00000313,OP-0024,MOT-L5-S60,EXEC-000313,WO-20260119-000313,ShiftType.MORNING,2026-01-19 11:42:00,2026-01-19 12:18:00,LOGIN_SUCCESS
LOGIN-00000314,OP-0014,VIS-L1-S50,EXEC-000314,WO-20260119-000314,ShiftType.MORNING,2026-01-19 12:02:00,2026-01-19 12:37:00,LOGIN_SUCCESS
LOGIN-00000315,OP-0057,ASM-L2-S20,EXEC-000315,WO-20260119-000315,ShiftType.MORNING,2026-01-19 12:17:00,2026-01-19 12:58:00,LOGIN_SUCCESS
LOGIN-00000316,OP-0067,ASM-L3-S20,EXEC-000316,WO-20260119-000316,ShiftType.MORNING,2026-01-19 12:43:00,2026-01-19 13:16:00,LOGIN_SUCCESS
LOGIN-00000317,OP-0001,ASM-L1-S20,EXEC-000317,WO-20260119-000317,ShiftType.MORNING,2026-01-19 12:57:00,2026-01-19 13:40:00,LOGIN_SUCCESS
LOGIN-00000318,OP-0058,HVT-L5-S70,EXEC-000318,WO-20260119-000318,ShiftType.MORNING,2026-01-19 13:18:00,2026-01-19 13:56:00,LOGIN_SUCCESS
LOGIN-00000319,OP-0004,PF-L6-S10,EXEC-000319,WO-20260119-000319,ShiftType.MORNING,2026-01-19 13:43:00,2026-01-19 14:20:00,LOGIN_SUCCESS
LOGIN-00000320,OP-0011,PF-L2-S10,EXEC-000320,WO-20260119-000320,ShiftType.MORNING,2026-01-19 13:58:00,2026-01-19 14:37:00,LOGIN_SUCCESS
LOGIN-00000321,OP-0042,PLT-L4-S80,EXEC-000321,WO-20260119-000321,ShiftType.MORNING,2026-01-19 14:18:00,2026-01-19 14:59:00,LOGIN_SUCCESS
LOGIN-00000322,OP-0071,HVT-L4-S70,EXEC-000322,WO-20260120-000322,ShiftType.MORNING,2026-01-20 06:39:00,2026-01-20 07:19:00,LOGIN_SUCCESS
LOGIN-00000323,OP-0014,PKG-L6-S90,EXEC-000323,WO-20260120-000323,ShiftType.MORNING,2026-01-20 06:59:00,2026-01-20 07:36:00,LOGIN_SUCCESS
LOGIN-00000324,OP-0007,ASM-L3-S20,EXEC-000324,WO-20260120-000324,ShiftType.MORNING,2026-01-20 07:16:00,2026-01-20 07:57:00,LOGIN_SUCCESS
LOGIN-00000325,OP-0030,MOT-L2-S60,EXEC-000325,WO-20260120-000325,ShiftType.MORNING,2026-01-20 07:39:00,2026-01-20 08:20:00,LOGIN_SUCCESS
LOGIN-00000326,OP-0065,HVT-L6-S70,EXEC-000326,WO-20260120-000326,ShiftType.MORNING,2026-01-20 08:01:00,2026-01-20 08:38:00,LOGIN_SUCCESS
LOGIN-00000327,OP-0012,VIS-L2-S50,EXEC-000327,WO-20260120-000327,ShiftType.MORNING,2026-01-20 08:23:00,2026-01-20 08:58:00,LOGIN_SUCCESS
LOGIN-00000328,OP-0023,HVT-L4-S70,EXEC-000328,WO-20260120-000328,ShiftType.MORNING,2026-01-20 08:38:00,2026-01-20 09:18:00,LOGIN_SUCCESS
LOGIN-00000329,OP-0058,GBA-L1-S40,EXEC-000329,WO-20260120-000329,ShiftType.MORNING,2026-01-20 09:00:00,2026-01-20 09:36:00,LOGIN_SUCCESS
LOGIN-00000330,OP-0013,DTA-L4-S30,EXEC-000330,WO-20260120-000330,ShiftType.MORNING,2026-01-20 09:18:00,2026-01-20 10:00:00,LOGIN_SUCCESS
LOGIN-00000331,OP-0003,VIS-L2-S50,EXEC-000331,WO-20260120-000331,ShiftType.MORNING,2026-01-20 09:42:00,2026-01-20 10:18:00,LOGIN_SUCCESS
LOGIN-00000332,OP-0047,GBA-L5-S40,EXEC-000332,WO-20260120-000332,ShiftType.MORNING,2026-01-20 10:01:00,2026-01-20 10:37:00,LOGIN_SUCCESS
LOGIN-00000333,OP-0027,ASM-L3-S20,EXEC-000333,WO-20260120-000333,ShiftType.MORNING,2026-01-20 10:23:00,2026-01-20 10:58:00,LOGIN_SUCCESS
LOGIN-00000334,OP-0050,ASM-L4-S20,EXEC-000334,WO-20260120-000334,ShiftType.MORNING,2026-01-20 10:38:00,2026-01-20 11:17:00,LOGIN_SUCCESS
LOGIN-00000335,OP-0044,GBA-L1-S40,EXEC-000335,WO-20260120-000335,ShiftType.MORNING,2026-01-20 11:02:00,2026-01-20 11:39:00,LOGIN_SUCCESS
LOGIN-00000336,OP-0016,PF-L2-S10,EXEC-000336,WO-20260120-000336,ShiftType.MORNING,2026-01-20 11:22:00,2026-01-20 12:00:00,LOGIN_SUCCESS
LOGIN-00000337,OP-0036,ASM-L4-S20,EXEC-000337,WO-20260120-000337,ShiftType.MORNING,2026-01-20 11:41:00,2026-01-20 12:17:00,LOGIN_SUCCESS
LOGIN-00000338,OP-0016,DTA-L1-S30,EXEC-000338,WO-20260120-000338,ShiftType.MORNING,2026-01-20 12:03:00,2026-01-20 12:39:00,LOGIN_SUCCESS
LOGIN-00000339,OP-0030,PF-L6-S10,EXEC-000339,WO-20260120-000339,ShiftType.MORNING,2026-01-20 12:21:00,2026-01-20 12:58:00,LOGIN_SUCCESS
LOGIN-00000340,OP-0017,ASM-L2-S20,EXEC-000340,WO-20260120-000340,ShiftType.MORNING,2026-01-20 12:35:00,2026-01-20 13:18:00,LOGIN_SUCCESS
LOGIN-00000341,OP-0041,HVT-L3-S70,EXEC-000341,WO-20260120-000341,ShiftType.MORNING,2026-01-20 13:02:00,2026-01-20 13:39:00,LOGIN_SUCCESS
LOGIN-00000342,OP-0072,MOT-L6-S60,EXEC-000342,WO-20260120-000342,ShiftType.MORNING,2026-01-20 13:20:00,2026-01-20 14:00:00,LOGIN_SUCCESS
LOGIN-00000343,OP-0029,ASM-L1-S20,EXEC-000343,WO-20260121-000343,ShiftType.MORNING,2026-01-21 06:40:00,2026-01-21 07:18:00,LOGIN_SUCCESS
LOGIN-00000344,OP-0018,GBA-L2-S40,EXEC-000344,WO-20260121-000344,ShiftType.MORNING,2026-01-21 06:55:00,2026-01-21 07:39:00,LOGIN_SUCCESS
LOGIN-00000345,OP-0014,DTA-L2-S30,EXEC-000345,WO-20260121-000345,ShiftType.MORNING,2026-01-21 07:19:00,2026-01-21 07:56:00,LOGIN_SUCCESS
LOGIN-00000346,OP-0059,VIS-L6-S50,EXEC-000346,WO-20260121-000346,ShiftType.MORNING,2026-01-21 07:41:00,2026-01-21 08:18:00,LOGIN_SUCCESS
LOGIN-00000347,OP-0006,GBA-L4-S40,EXEC-000347,WO-20260121-000347,ShiftType.MORNING,2026-01-21 07:55:00,2026-01-21 08:36:00,LOGIN_SUCCESS
LOGIN-00000348,OP-0004,DTA-L1-S30,EXEC-000348,WO-20260121-000348,ShiftType.MORNING,2026-01-21 08:19:00,2026-01-21 09:00:00,LOGIN_SUCCESS
LOGIN-00000349,OP-0051,PF-L2-S10,EXEC-000349,WO-20260121-000349,ShiftType.MORNING,2026-01-21 08:42:00,2026-01-21 09:20:00,LOGIN_SUCCESS
LOGIN-00000350,OP-0029,MOT-L6-S60,EXEC-000350,WO-20260121-000350,ShiftType.MORNING,2026-01-21 08:55:00,2026-01-21 09:39:00,LOGIN_SUCCESS
LOGIN-00000351,OP-0022,HVT-L2-S70,EXEC-000351,WO-20260121-000351,ShiftType.MORNING,2026-01-21 09:18:00,2026-01-21 09:58:00,LOGIN_SUCCESS
LOGIN-00000352,OP-0067,VIS-L4-S50,EXEC-000352,WO-20260121-000352,ShiftType.MORNING,2026-01-21 09:36:00,2026-01-21 10:20:00,LOGIN_SUCCESS
LOGIN-00000353,OP-0013,HVT-L1-S70,EXEC-000353,WO-20260121-000353,ShiftType.MORNING,2026-01-21 10:02:00,2026-01-21 10:36:00,LOGIN_SUCCESS
LOGIN-00000354,OP-0062,VIS-L4-S50,EXEC-000354,WO-20260121-000354,ShiftType.MORNING,2026-01-21 10:22:00,2026-01-21 10:59:00,LOGIN_SUCCESS
LOGIN-00000355,OP-0039,DTA-L6-S30,EXEC-000355,WO-20260121-000355,ShiftType.MORNING,2026-01-21 10:41:00,2026-01-21 11:19:00,LOGIN_SUCCESS
LOGIN-00000356,OP-0028,GBA-L4-S40,EXEC-000356,WO-20260121-000356,ShiftType.MORNING,2026-01-21 11:01:00,2026-01-21 11:38:00,LOGIN_SUCCESS
LOGIN-00000357,OP-0028,VIS-L6-S50,EXEC-000357,WO-20260121-000357,ShiftType.MORNING,2026-01-21 11:17:00,2026-01-21 11:56:00,LOGIN_SUCCESS
LOGIN-00000358,OP-0008,DTA-L5-S30,EXEC-000358,WO-20260121-000358,ShiftType.MORNING,2026-01-21 11:38:00,2026-01-21 12:17:00,LOGIN_SUCCESS
LOGIN-00000359,OP-0053,ASM-L4-S20,EXEC-000359,WO-20260121-000359,ShiftType.MORNING,2026-01-21 12:03:00,2026-01-21 12:39:00,LOGIN_SUCCESS
LOGIN-00000360,OP-0011,MOT-L1-S60,EXEC-000360,WO-20260121-000360,ShiftType.MORNING,2026-01-21 12:23:00,2026-01-21 12:56:00,LOGIN_SUCCESS
LOGIN-00000361,OP-0051,DTA-L6-S30,EXEC-000361,WO-20260121-000361,ShiftType.MORNING,2026-01-21 12:35:00,2026-01-21 13:19:00,LOGIN_SUCCESS
LOGIN-00000362,OP-0067,VIS-L2-S50,EXEC-000362,WO-20260121-000362,ShiftType.MORNING,2026-01-21 13:03:00,2026-01-21 13:36:00,LOGIN_SUCCESS
LOGIN-00000363,OP-0038,VIS-L1-S50,EXEC-000363,WO-20260121-000363,ShiftType.MORNING,2026-01-21 13:18:00,2026-01-21 13:56:00,LOGIN_SUCCESS
LOGIN-00000364,OP-0017,PLT-L1-S80,EXEC-000364,WO-20260121-000364,ShiftType.MORNING,2026-01-21 13:42:00,2026-01-21 14:19:00,LOGIN_SUCCESS
LOGIN-00000365,OP-0010,ASM-L4-S20,EXEC-000365,WO-20260121-000365,ShiftType.MORNING,2026-01-21 14:02:00,2026-01-21 14:40:00,LOGIN_SUCCESS
LOGIN-00000366,OP-0058,PKG-L2-S90,EXEC-000366,WO-20260121-000366,ShiftType.MORNING,2026-01-21 14:17:00,2026-01-21 14:58:00,LOGIN_SUCCESS
LOGIN-00000367,OP-0045,HVT-L6-S70,EXEC-000367,WO-20260122-000367,ShiftType.MORNING,2026-01-22 06:39:00,2026-01-22 07:16:00,LOGIN_SUCCESS
LOGIN-00000368,OP-0071,DTA-L4-S30,EXEC-000368,WO-20260122-000368,ShiftType.MORNING,2026-01-22 06:57:00,2026-01-22 07:37:00,LOGIN_SUCCESS
LOGIN-00000369,OP-0047,PF-L2-S10,EXEC-000369,WO-20260122-000369,ShiftType.MORNING,2026-01-22 07:15:00,2026-01-22 07:56:00,LOGIN_SUCCESS
LOGIN-00000370,OP-0027,GBA-L6-S40,EXEC-000370,WO-20260122-000370,ShiftType.MORNING,2026-01-22 07:39:00,2026-01-22 08:20:00,LOGIN_SUCCESS
LOGIN-00000371,OP-0008,GBA-L3-S40,EXEC-000371,WO-20260122-000371,ShiftType.MORNING,2026-01-22 07:59:00,2026-01-22 08:39:00,LOGIN_SUCCESS
LOGIN-00000372,OP-0021,ASM-L1-S20,EXEC-000372,WO-20260122-000372,ShiftType.MORNING,2026-01-22 08:15:00,2026-01-22 08:59:00,LOGIN_SUCCESS
LOGIN-00000373,OP-0038,PF-L6-S10,EXEC-000373,WO-20260122-000373,ShiftType.MORNING,2026-01-22 08:35:00,2026-01-22 09:19:00,LOGIN_SUCCESS
LOGIN-00000374,OP-0050,VIS-L1-S50,EXEC-000374,WO-20260122-000374,ShiftType.MORNING,2026-01-22 08:55:00,2026-01-22 09:38:00,LOGIN_SUCCESS
LOGIN-00000375,OP-0050,DTA-L2-S30,EXEC-000375,WO-20260122-000375,ShiftType.MORNING,2026-01-22 09:22:00,2026-01-22 09:59:00,LOGIN_SUCCESS
LOGIN-00000376,OP-0069,DTA-L1-S30,EXEC-000376,WO-20260122-000376,ShiftType.MORNING,2026-01-22 09:36:00,2026-01-22 10:17:00,LOGIN_SUCCESS
LOGIN-00000377,OP-0001,PLT-L2-S80,EXEC-000377,WO-20260122-000377,ShiftType.MORNING,2026-01-22 09:56:00,2026-01-22 10:38:00,LOGIN_SUCCESS
LOGIN-00000378,OP-0043,HVT-L1-S70,EXEC-000378,WO-20260122-000378,ShiftType.MORNING,2026-01-22 10:16:00,2026-01-22 10:58:00,LOGIN_SUCCESS
LOGIN-00000379,OP-0021,HVT-L4-S70,EXEC-000379,WO-20260122-000379,ShiftType.MORNING,2026-01-22 10:36:00,2026-01-22 11:20:00,LOGIN_SUCCESS
LOGIN-00000380,OP-0066,PKG-L6-S90,EXEC-000380,WO-20260122-000380,ShiftType.MORNING,2026-01-22 11:00:00,2026-01-22 11:37:00,LOGIN_SUCCESS
LOGIN-00000381,OP-0037,PKG-L1-S90,EXEC-000381,WO-20260122-000381,ShiftType.MORNING,2026-01-22 11:21:00,2026-01-22 11:58:00,LOGIN_SUCCESS
LOGIN-00000382,OP-0021,DTA-L6-S30,EXEC-000382,WO-20260122-000382,ShiftType.MORNING,2026-01-22 11:38:00,2026-01-22 12:16:00,LOGIN_SUCCESS
LOGIN-00000383,OP-0045,DTA-L3-S30,EXEC-000383,WO-20260122-000383,ShiftType.MORNING,2026-01-22 11:56:00,2026-01-22 12:40:00,LOGIN_SUCCESS
LOGIN-00000384,OP-0029,PF-L5-S10,EXEC-000384,WO-20260122-000384,ShiftType.MORNING,2026-01-22 12:15:00,2026-01-22 13:00:00,LOGIN_SUCCESS
LOGIN-00000385,OP-0031,PKG-L3-S90,EXEC-000385,WO-20260122-000385,ShiftType.MORNING,2026-01-22 12:37:00,2026-01-22 13:20:00,LOGIN_SUCCESS
LOGIN-00000386,OP-0072,DTA-L2-S30,EXEC-000386,WO-20260122-000386,ShiftType.MORNING,2026-01-22 13:03:00,2026-01-22 13:36:00,LOGIN_SUCCESS
LOGIN-00000387,OP-0055,VIS-L4-S50,EXEC-000387,WO-20260123-000387,ShiftType.MORNING,2026-01-23 06:37:00,2026-01-23 07:17:00,LOGIN_SUCCESS
LOGIN-00000388,OP-0051,VIS-L6-S50,EXEC-000388,WO-20260123-000388,ShiftType.MORNING,2026-01-23 06:58:00,2026-01-23 07:39:00,LOGIN_SUCCESS
LOGIN-00000389,OP-0038,HVT-L2-S70,EXEC-000389,WO-20260123-000389,ShiftType.MORNING,2026-01-23 07:17:00,2026-01-23 07:58:00,LOGIN_SUCCESS
LOGIN-00000390,OP-0034,DTA-L5-S30,EXEC-000390,WO-20260123-000390,ShiftType.MORNING,2026-01-23 07:40:00,2026-01-23 08:18:00,LOGIN_SUCCESS
LOGIN-00000391,OP-0040,HVT-L6-S70,EXEC-000391,WO-20260123-000391,ShiftType.MORNING,2026-01-23 07:59:00,2026-01-23 08:40:00,LOGIN_SUCCESS
LOGIN-00000392,OP-0049,MOT-L3-S60,EXEC-000392,WO-20260123-000392,ShiftType.MORNING,2026-01-23 08:20:00,2026-01-23 08:58:00,LOGIN_SUCCESS
LOGIN-00000393,OP-0029,HVT-L2-S70,EXEC-000393,WO-20260123-000393,ShiftType.MORNING,2026-01-23 08:36:00,2026-01-23 09:18:00,LOGIN_SUCCESS
LOGIN-00000394,OP-0072,PF-L5-S10,EXEC-000394,WO-20260123-000394,ShiftType.MORNING,2026-01-23 09:02:00,2026-01-23 09:40:00,LOGIN_SUCCESS
LOGIN-00000395,OP-0042,VIS-L4-S50,EXEC-000395,WO-20260123-000395,ShiftType.MORNING,2026-01-23 09:18:00,2026-01-23 09:57:00,LOGIN_SUCCESS
LOGIN-00000396,OP-0031,GBA-L5-S40,EXEC-000396,WO-20260123-000396,ShiftType.MORNING,2026-01-23 09:38:00,2026-01-23 10:16:00,LOGIN_SUCCESS
LOGIN-00000397,OP-0054,GBA-L1-S40,EXEC-000397,WO-20260123-000397,ShiftType.MORNING,2026-01-23 10:00:00,2026-01-23 10:38:00,LOGIN_SUCCESS
LOGIN-00000398,OP-0050,DTA-L3-S30,EXEC-000398,WO-20260123-000398,ShiftType.MORNING,2026-01-23 10:22:00,2026-01-23 10:56:00,LOGIN_SUCCESS
LOGIN-00000399,OP-0042,HVT-L3-S70,EXEC-000399,WO-20260123-000399,ShiftType.MORNING,2026-01-23 10:39:00,2026-01-23 11:18:00,LOGIN_SUCCESS
LOGIN-00000400,OP-0024,PKG-L4-S90,EXEC-000400,WO-20260123-000400,ShiftType.MORNING,2026-01-23 10:55:00,2026-01-23 11:39:00,LOGIN_SUCCESS
LOGIN-00000401,OP-0021,DTA-L3-S30,EXEC-000401,WO-20260123-000401,ShiftType.MORNING,2026-01-23 11:19:00,2026-01-23 11:56:00,LOGIN_SUCCESS
LOGIN-00000402,OP-0008,HVT-L5-S70,EXEC-000402,WO-20260123-000402,ShiftType.MORNING,2026-01-23 11:43:00,2026-01-23 12:20:00,LOGIN_SUCCESS
LOGIN-00000403,OP-0014,GBA-L3-S40,EXEC-000403,WO-20260123-000403,ShiftType.MORNING,2026-01-23 12:02:00,2026-01-23 12:36:00,LOGIN_SUCCESS
LOGIN-00000404,OP-0044,HVT-L2-S70,EXEC-000404,WO-20260123-000404,ShiftType.MORNING,2026-01-23 12:22:00,2026-01-23 12:59:00,LOGIN_SUCCESS
LOGIN-00000405,OP-0016,VIS-L3-S50,EXEC-000405,WO-20260124-000405,ShiftType.MORNING,2026-01-24 06:35:00,2026-01-24 07:18:00,LOGIN_SUCCESS
LOGIN-00000406,OP-0029,MOT-L4-S60,EXEC-000406,WO-20260124-000406,ShiftType.MORNING,2026-01-24 07:01:00,2026-01-24 07:36:00,LOGIN_SUCCESS
LOGIN-00000407,OP-0013,ASM-L5-S20,EXEC-000407,WO-20260124-000407,ShiftType.MORNING,2026-01-24 07:16:00,2026-01-24 07:56:00,LOGIN_SUCCESS
LOGIN-00000408,OP-0050,DTA-L1-S30,EXEC-000408,WO-20260124-000408,ShiftType.MORNING,2026-01-24 07:40:00,2026-01-24 08:16:00,LOGIN_SUCCESS
LOGIN-00000409,OP-0067,DTA-L2-S30,EXEC-000409,WO-20260124-000409,ShiftType.MORNING,2026-01-24 07:57:00,2026-01-24 08:38:00,LOGIN_SUCCESS
LOGIN-00000410,OP-0027,VIS-L6-S50,EXEC-000410,WO-20260124-000410,ShiftType.MORNING,2026-01-24 08:18:00,2026-01-24 08:57:00,LOGIN_SUCCESS
LOGIN-00000411,OP-0026,PKG-L6-S90,EXEC-000411,WO-20260124-000411,ShiftType.MORNING,2026-01-24 08:37:00,2026-01-24 09:20:00,LOGIN_SUCCESS
LOGIN-00000412,OP-0004,MOT-L1-S60,EXEC-000412,WO-20260124-000412,ShiftType.MORNING,2026-01-24 08:55:00,2026-01-24 09:37:00,LOGIN_SUCCESS
LOGIN-00000413,OP-0005,DTA-L1-S30,EXEC-000413,WO-20260124-000413,ShiftType.MORNING,2026-01-24 09:20:00,2026-01-24 09:58:00,LOGIN_SUCCESS
LOGIN-00000414,OP-0017,GBA-L6-S40,EXEC-000414,WO-20260124-000414,ShiftType.MORNING,2026-01-24 09:39:00,2026-01-24 10:16:00,LOGIN_SUCCESS
LOGIN-00000415,OP-0034,PLT-L1-S80,EXEC-000415,WO-20260124-000415,ShiftType.MORNING,2026-01-24 09:57:00,2026-01-24 10:38:00,LOGIN_SUCCESS
LOGIN-00000416,OP-0009,MOT-L2-S60,EXEC-000416,WO-20260124-000416,ShiftType.MORNING,2026-01-24 10:15:00,2026-01-24 10:57:00,LOGIN_SUCCESS
LOGIN-00000417,OP-0046,PF-L1-S10,EXEC-000417,WO-20260124-000417,ShiftType.MORNING,2026-01-24 10:43:00,2026-01-24 11:16:00,LOGIN_SUCCESS
LOGIN-00000418,OP-0047,PF-L5-S10,EXEC-000418,WO-20260124-000418,ShiftType.MORNING,2026-01-24 11:01:00,2026-01-24 11:40:00,LOGIN_SUCCESS
LOGIN-00000419,OP-0026,ASM-L2-S20,EXEC-000419,WO-20260124-000419,ShiftType.MORNING,2026-01-24 11:17:00,2026-01-24 12:00:00,LOGIN_SUCCESS
LOGIN-00000420,OP-0049,PKG-L4-S90,EXEC-000420,WO-20260124-000420,ShiftType.MORNING,2026-01-24 11:41:00,2026-01-24 12:16:00,LOGIN_SUCCESS
LOGIN-00000421,OP-0032,GBA-L6-S40,EXEC-000421,WO-20260124-000421,ShiftType.MORNING,2026-01-24 11:55:00,2026-01-24 12:36:00,LOGIN_SUCCESS
LOGIN-00000422,OP-0043,MOT-L6-S60,EXEC-000422,WO-20260124-000422,ShiftType.MORNING,2026-01-24 12:23:00,2026-01-24 13:00:00,LOGIN_SUCCESS
LOGIN-00000423,OP-0037,GBA-L4-S40,EXEC-000423,WO-20260124-000423,ShiftType.MORNING,2026-01-24 12:36:00,2026-01-24 13:19:00,LOGIN_SUCCESS
LOGIN-00000424,OP-0067,HVT-L2-S70,EXEC-000424,WO-20260124-000424,ShiftType.MORNING,2026-01-24 13:02:00,2026-01-24 13:39:00,LOGIN_SUCCESS
LOGIN-00000425,OP-0051,VIS-L5-S50,EXEC-000425,WO-20260125-000425,ShiftType.MORNING,2026-01-25 06:39:00,2026-01-25 07:16:00,LOGIN_SUCCESS
LOGIN-00000426,OP-0043,ASM-L4-S20,EXEC-000426,WO-20260125-000426,ShiftType.MORNING,2026-01-25 06:58:00,2026-01-25 07:38:00,LOGIN_SUCCESS
LOGIN-00000427,OP-0034,PF-L1-S10,EXEC-000427,WO-20260125-000427,ShiftType.MORNING,2026-01-25 07:16:00,2026-01-25 07:56:00,LOGIN_SUCCESS
LOGIN-00000428,OP-0034,GBA-L1-S40,EXEC-000428,WO-20260125-000428,ShiftType.MORNING,2026-01-25 07:35:00,2026-01-25 08:16:00,LOGIN_SUCCESS
LOGIN-00000429,OP-0011,GBA-L4-S40,EXEC-000429,WO-20260125-000429,ShiftType.MORNING,2026-01-25 07:55:00,2026-01-25 08:38:00,LOGIN_SUCCESS
LOGIN-00000430,OP-0070,PLT-L2-S80,EXEC-000430,WO-20260125-000430,ShiftType.MORNING,2026-01-25 08:23:00,2026-01-25 09:00:00,LOGIN_SUCCESS
LOGIN-00000431,OP-0015,PF-L4-S10,EXEC-000431,WO-20260125-000431,ShiftType.MORNING,2026-01-25 08:36:00,2026-01-25 09:16:00,LOGIN_SUCCESS
LOGIN-00000432,OP-0042,VIS-L6-S50,EXEC-000432,WO-20260125-000432,ShiftType.MORNING,2026-01-25 09:01:00,2026-01-25 09:38:00,LOGIN_SUCCESS
LOGIN-00000433,OP-0069,HVT-L1-S70,EXEC-000433,WO-20260125-000433,ShiftType.MORNING,2026-01-25 09:23:00,2026-01-25 09:56:00,LOGIN_SUCCESS
LOGIN-00000434,OP-0060,VIS-L3-S50,EXEC-000434,WO-20260125-000434,ShiftType.MORNING,2026-01-25 09:36:00,2026-01-25 10:18:00,LOGIN_SUCCESS
LOGIN-00000435,OP-0050,PKG-L6-S90,EXEC-000435,WO-20260125-000435,ShiftType.MORNING,2026-01-25 09:55:00,2026-01-25 10:38:00,LOGIN_SUCCESS
LOGIN-00000436,OP-0067,DTA-L1-S30,EXEC-000436,WO-20260125-000436,ShiftType.MORNING,2026-01-25 10:15:00,2026-01-25 10:59:00,LOGIN_SUCCESS
LOGIN-00000437,OP-0020,DTA-L6-S30,EXEC-000437,WO-20260125-000437,ShiftType.MORNING,2026-01-25 10:39:00,2026-01-25 11:19:00,LOGIN_SUCCESS
LOGIN-00000438,OP-0058,DTA-L1-S30,EXEC-000438,WO-20260125-000438,ShiftType.MORNING,2026-01-25 10:56:00,2026-01-25 11:39:00,LOGIN_SUCCESS
LOGIN-00000439,OP-0001,HVT-L5-S70,EXEC-000439,WO-20260125-000439,ShiftType.MORNING,2026-01-25 11:16:00,2026-01-25 11:58:00,LOGIN_SUCCESS
LOGIN-00000440,OP-0070,VIS-L4-S50,EXEC-000440,WO-20260125-000440,ShiftType.MORNING,2026-01-25 11:37:00,2026-01-25 12:17:00,LOGIN_SUCCESS
LOGIN-00000441,OP-0070,PF-L5-S10,EXEC-000441,WO-20260125-000441,ShiftType.MORNING,2026-01-25 12:03:00,2026-01-25 12:38:00,LOGIN_SUCCESS
LOGIN-00000442,OP-0029,PLT-L4-S80,EXEC-000442,WO-20260125-000442,ShiftType.MORNING,2026-01-25 12:18:00,2026-01-25 13:00:00,LOGIN_SUCCESS
LOGIN-00000443,OP-0019,PLT-L5-S80,EXEC-000443,WO-20260125-000443,ShiftType.MORNING,2026-01-25 12:35:00,2026-01-25 13:17:00,LOGIN_SUCCESS
LOGIN-00000444,OP-0057,PLT-L3-S80,EXEC-000444,WO-20260125-000444,ShiftType.MORNING,2026-01-25 12:57:00,2026-01-25 13:36:00,LOGIN_SUCCESS
LOGIN-00000445,OP-0057,VIS-L4-S50,EXEC-000445,WO-20260125-000445,ShiftType.MORNING,2026-01-25 13:23:00,2026-01-25 13:57:00,LOGIN_SUCCESS
LOGIN-00000446,OP-0010,PKG-L4-S90,EXEC-000446,WO-20260125-000446,ShiftType.MORNING,2026-01-25 13:43:00,2026-01-25 14:19:00,LOGIN_SUCCESS
LOGIN-00000447,OP-0042,ASM-L5-S20,EXEC-000447,WO-20260125-000447,ShiftType.MORNING,2026-01-25 14:03:00,2026-01-25 14:36:00,LOGIN_SUCCESS
LOGIN-00000448,OP-0063,MOT-L2-S60,EXEC-000448,WO-20260126-000448,ShiftType.MORNING,2026-01-26 06:37:00,2026-01-26 07:20:00,LOGIN_SUCCESS
LOGIN-00000449,OP-0035,PF-L2-S10,EXEC-000449,WO-20260126-000449,ShiftType.MORNING,2026-01-26 06:55:00,2026-01-26 07:36:00,LOGIN_SUCCESS
LOGIN-00000450,OP-0011,DTA-L4-S30,EXEC-000450,WO-20260126-000450,ShiftType.MORNING,2026-01-26 07:21:00,2026-01-26 07:58:00,LOGIN_SUCCESS
LOGIN-00000451,OP-0070,HVT-L2-S70,EXEC-000451,WO-20260126-000451,ShiftType.MORNING,2026-01-26 07:38:00,2026-01-26 08:16:00,LOGIN_SUCCESS
LOGIN-00000452,OP-0035,MOT-L4-S60,EXEC-000452,WO-20260126-000452,ShiftType.MORNING,2026-01-26 08:03:00,2026-01-26 08:36:00,LOGIN_SUCCESS
LOGIN-00000453,OP-0050,PLT-L4-S80,EXEC-000453,WO-20260126-000453,ShiftType.MORNING,2026-01-26 08:17:00,2026-01-26 09:00:00,LOGIN_SUCCESS
LOGIN-00000454,OP-0049,HVT-L2-S70,EXEC-000454,WO-20260126-000454,ShiftType.MORNING,2026-01-26 08:35:00,2026-01-26 09:20:00,LOGIN_SUCCESS
LOGIN-00000455,OP-0045,HVT-L5-S70,EXEC-000455,WO-20260126-000455,ShiftType.MORNING,2026-01-26 08:58:00,2026-01-26 09:39:00,LOGIN_SUCCESS
LOGIN-00000456,OP-0051,PLT-L1-S80,EXEC-000456,WO-20260126-000456,ShiftType.MORNING,2026-01-26 09:21:00,2026-01-26 09:58:00,LOGIN_SUCCESS
LOGIN-00000457,OP-0025,PKG-L4-S90,EXEC-000457,WO-20260126-000457,ShiftType.MORNING,2026-01-26 09:35:00,2026-01-26 10:18:00,LOGIN_SUCCESS
LOGIN-00000458,OP-0019,GBA-L5-S40,EXEC-000458,WO-20260126-000458,ShiftType.MORNING,2026-01-26 09:57:00,2026-01-26 10:37:00,LOGIN_SUCCESS
LOGIN-00000459,OP-0026,VIS-L3-S50,EXEC-000459,WO-20260126-000459,ShiftType.MORNING,2026-01-26 10:15:00,2026-01-26 10:58:00,LOGIN_SUCCESS
LOGIN-00000460,OP-0055,PKG-L6-S90,EXEC-000460,WO-20260126-000460,ShiftType.MORNING,2026-01-26 10:42:00,2026-01-26 11:19:00,LOGIN_SUCCESS
LOGIN-00000461,OP-0012,PKG-L2-S90,EXEC-000461,WO-20260126-000461,ShiftType.MORNING,2026-01-26 10:58:00,2026-01-26 11:40:00,LOGIN_SUCCESS
LOGIN-00000462,OP-0026,GBA-L2-S40,EXEC-000462,WO-20260126-000462,ShiftType.MORNING,2026-01-26 11:18:00,2026-01-26 11:56:00,LOGIN_SUCCESS
LOGIN-00000463,OP-0054,PKG-L5-S90,EXEC-000463,WO-20260126-000463,ShiftType.MORNING,2026-01-26 11:39:00,2026-01-26 12:17:00,LOGIN_SUCCESS
LOGIN-00000464,OP-0031,PF-L4-S10,EXEC-000464,WO-20260126-000464,ShiftType.MORNING,2026-01-26 12:01:00,2026-01-26 12:39:00,LOGIN_SUCCESS
LOGIN-00000465,OP-0017,MOT-L2-S60,EXEC-000465,WO-20260126-000465,ShiftType.MORNING,2026-01-26 12:16:00,2026-01-26 12:58:00,LOGIN_SUCCESS
LOGIN-00000466,OP-0059,HVT-L6-S70,EXEC-000466,WO-20260126-000466,ShiftType.MORNING,2026-01-26 12:37:00,2026-01-26 13:16:00,LOGIN_SUCCESS
LOGIN-00000467,OP-0048,PF-L3-S10,EXEC-000467,WO-20260127-000467,ShiftType.MORNING,2026-01-27 06:39:00,2026-01-27 07:17:00,LOGIN_SUCCESS
LOGIN-00000468,OP-0058,VIS-L3-S50,EXEC-000468,WO-20260127-000468,ShiftType.MORNING,2026-01-27 07:00:00,2026-01-27 07:37:00,LOGIN_SUCCESS
LOGIN-00000469,OP-0044,HVT-L6-S70,EXEC-000469,WO-20260127-000469,ShiftType.MORNING,2026-01-27 07:23:00,2026-01-27 07:56:00,LOGIN_SUCCESS
LOGIN-00000470,OP-0045,GBA-L5-S40,EXEC-000470,WO-20260127-000470,ShiftType.MORNING,2026-01-27 07:42:00,2026-01-27 08:18:00,LOGIN_SUCCESS
LOGIN-00000471,OP-0011,VIS-L3-S50,EXEC-000471,WO-20260127-000471,ShiftType.MORNING,2026-01-27 07:58:00,2026-01-27 08:37:00,LOGIN_SUCCESS
LOGIN-00000472,OP-0039,VIS-L3-S50,EXEC-000472,WO-20260127-000472,ShiftType.MORNING,2026-01-27 08:20:00,2026-01-27 08:56:00,LOGIN_SUCCESS
LOGIN-00000473,OP-0059,PLT-L2-S80,EXEC-000473,WO-20260127-000473,ShiftType.MORNING,2026-01-27 08:36:00,2026-01-27 09:16:00,LOGIN_SUCCESS
LOGIN-00000474,OP-0033,PF-L5-S10,EXEC-000474,WO-20260127-000474,ShiftType.MORNING,2026-01-27 09:00:00,2026-01-27 09:37:00,LOGIN_SUCCESS
LOGIN-00000475,OP-0055,PF-L2-S10,EXEC-000475,WO-20260127-000475,ShiftType.MORNING,2026-01-27 09:20:00,2026-01-27 09:57:00,LOGIN_SUCCESS
LOGIN-00000476,OP-0050,MOT-L5-S60,EXEC-000476,WO-20260127-000476,ShiftType.MORNING,2026-01-27 09:35:00,2026-01-27 10:20:00,LOGIN_SUCCESS
LOGIN-00000477,OP-0021,MOT-L4-S60,EXEC-000477,WO-20260127-000477,ShiftType.MORNING,2026-01-27 09:58:00,2026-01-27 10:38:00,LOGIN_SUCCESS
LOGIN-00000478,OP-0013,DTA-L2-S30,EXEC-000478,WO-20260127-000478,ShiftType.MORNING,2026-01-27 10:19:00,2026-01-27 11:00:00,LOGIN_SUCCESS
LOGIN-00000479,OP-0039,DTA-L2-S30,EXEC-000479,WO-20260127-000479,ShiftType.MORNING,2026-01-27 10:38:00,2026-01-27 11:19:00,LOGIN_SUCCESS
LOGIN-00000480,OP-0046,MOT-L4-S60,EXEC-000480,WO-20260127-000480,ShiftType.MORNING,2026-01-27 10:57:00,2026-01-27 11:39:00,LOGIN_SUCCESS
LOGIN-00000481,OP-0064,ASM-L4-S20,EXEC-000481,WO-20260127-000481,ShiftType.MORNING,2026-01-27 11:22:00,2026-01-27 11:56:00,LOGIN_SUCCESS
LOGIN-00000482,OP-0028,DTA-L5-S30,EXEC-000482,WO-20260127-000482,ShiftType.MORNING,2026-01-27 11:37:00,2026-01-27 12:18:00,LOGIN_SUCCESS
LOGIN-00000483,OP-0044,PKG-L3-S90,EXEC-000483,WO-20260127-000483,ShiftType.MORNING,2026-01-27 12:01:00,2026-01-27 12:36:00,LOGIN_SUCCESS
LOGIN-00000484,OP-0039,PKG-L4-S90,EXEC-000484,WO-20260127-000484,ShiftType.MORNING,2026-01-27 12:19:00,2026-01-27 13:00:00,LOGIN_SUCCESS
LOGIN-00000485,OP-0068,PKG-L3-S90,EXEC-000485,WO-20260127-000485,ShiftType.MORNING,2026-01-27 12:43:00,2026-01-27 13:16:00,LOGIN_SUCCESS
LOGIN-00000486,OP-0067,ASM-L4-S20,EXEC-000486,WO-20260127-000486,ShiftType.MORNING,2026-01-27 12:59:00,2026-01-27 13:38:00,LOGIN_SUCCESS
LOGIN-00000487,OP-0064,MOT-L6-S60,EXEC-000487,WO-20260127-000487,ShiftType.MORNING,2026-01-27 13:22:00,2026-01-27 13:57:00,LOGIN_SUCCESS
LOGIN-00000488,OP-0042,DTA-L6-S30,EXEC-000488,WO-20260127-000488,ShiftType.MORNING,2026-01-27 13:37:00,2026-01-27 14:19:00,LOGIN_SUCCESS
LOGIN-00000489,OP-0035,VIS-L4-S50,EXEC-000489,WO-20260127-000489,ShiftType.MORNING,2026-01-27 14:00:00,2026-01-27 14:39:00,LOGIN_SUCCESS
LOGIN-00000490,OP-0032,ASM-L2-S20,EXEC-000490,WO-20260127-000490,ShiftType.MORNING,2026-01-27 14:18:00,2026-01-27 15:00:00,LOGIN_SUCCESS
LOGIN-00000491,OP-0007,PKG-L6-S90,EXEC-000491,WO-20260128-000491,ShiftType.MORNING,2026-01-28 06:41:00,2026-01-28 07:18:00,LOGIN_SUCCESS
LOGIN-00000492,OP-0051,ASM-L5-S20,EXEC-000492,WO-20260128-000492,ShiftType.MORNING,2026-01-28 06:56:00,2026-01-28 07:37:00,LOGIN_SUCCESS
LOGIN-00000493,OP-0007,HVT-L4-S70,EXEC-000493,WO-20260128-000493,ShiftType.MORNING,2026-01-28 07:17:00,2026-01-28 07:56:00,LOGIN_SUCCESS
LOGIN-00000494,OP-0019,HVT-L1-S70,EXEC-000494,WO-20260128-000494,ShiftType.MORNING,2026-01-28 07:37:00,2026-01-28 08:18:00,LOGIN_SUCCESS
LOGIN-00000495,OP-0019,PF-L2-S10,EXEC-000495,WO-20260128-000495,ShiftType.MORNING,2026-01-28 08:01:00,2026-01-28 08:38:00,LOGIN_SUCCESS
LOGIN-00000496,OP-0062,PLT-L1-S80,EXEC-000496,WO-20260128-000496,ShiftType.MORNING,2026-01-28 08:18:00,2026-01-28 08:57:00,LOGIN_SUCCESS
LOGIN-00000497,OP-0050,PLT-L6-S80,EXEC-000497,WO-20260128-000497,ShiftType.MORNING,2026-01-28 08:40:00,2026-01-28 09:19:00,LOGIN_SUCCESS
LOGIN-00000498,OP-0019,DTA-L6-S30,EXEC-000498,WO-20260128-000498,ShiftType.MORNING,2026-01-28 09:02:00,2026-01-28 09:38:00,LOGIN_SUCCESS
LOGIN-00000499,OP-0065,ASM-L3-S20,EXEC-000499,WO-20260128-000499,ShiftType.MORNING,2026-01-28 09:16:00,2026-01-28 09:57:00,LOGIN_SUCCESS
LOGIN-00000500,OP-0062,PKG-L6-S90,EXEC-000500,WO-20260128-000500,ShiftType.MORNING,2026-01-28 09:35:00,2026-01-28 10:18:00,LOGIN_SUCCESS
LOGIN-00000501,OP-0015,PKG-L6-S90,EXEC-000501,WO-20260128-000501,ShiftType.MORNING,2026-01-28 10:00:00,2026-01-28 10:40:00,LOGIN_SUCCESS
LOGIN-00000502,OP-0037,PF-L4-S10,EXEC-000502,WO-20260128-000502,ShiftType.MORNING,2026-01-28 10:23:00,2026-01-28 10:57:00,LOGIN_SUCCESS
LOGIN-00000503,OP-0052,ASM-L6-S20,EXEC-000503,WO-20260128-000503,ShiftType.MORNING,2026-01-28 10:43:00,2026-01-28 11:16:00,LOGIN_SUCCESS
LOGIN-00000504,OP-0032,PF-L5-S10,EXEC-000504,WO-20260128-000504,ShiftType.MORNING,2026-01-28 10:58:00,2026-01-28 11:37:00,LOGIN_SUCCESS
LOGIN-00000505,OP-0010,MOT-L5-S60,EXEC-000505,WO-20260128-000505,ShiftType.MORNING,2026-01-28 11:15:00,2026-01-28 11:58:00,LOGIN_SUCCESS
LOGIN-00000506,OP-0020,ASM-L1-S20,EXEC-000506,WO-20260128-000506,ShiftType.MORNING,2026-01-28 11:43:00,2026-01-28 12:16:00,LOGIN_SUCCESS
LOGIN-00000507,OP-0042,VIS-L6-S50,EXEC-000507,WO-20260128-000507,ShiftType.MORNING,2026-01-28 11:57:00,2026-01-28 12:36:00,LOGIN_SUCCESS
LOGIN-00000508,OP-0066,PF-L6-S10,EXEC-000508,WO-20260128-000508,ShiftType.MORNING,2026-01-28 12:22:00,2026-01-28 12:56:00,LOGIN_SUCCESS
LOGIN-00000509,OP-0052,PF-L6-S10,EXEC-000509,WO-20260128-000509,ShiftType.MORNING,2026-01-28 12:43:00,2026-01-28 13:19:00,LOGIN_SUCCESS
LOGIN-00000510,OP-0042,PF-L2-S10,EXEC-000510,WO-20260129-000510,ShiftType.MORNING,2026-01-29 06:43:00,2026-01-29 07:18:00,LOGIN_SUCCESS
LOGIN-00000511,OP-0048,MOT-L6-S60,EXEC-000511,WO-20260129-000511,ShiftType.MORNING,2026-01-29 06:55:00,2026-01-29 07:37:00,LOGIN_SUCCESS
LOGIN-00000512,OP-0032,DTA-L1-S30,EXEC-000512,WO-20260129-000512,ShiftType.MORNING,2026-01-29 07:17:00,2026-01-29 07:58:00,LOGIN_SUCCESS
LOGIN-00000513,OP-0040,VIS-L4-S50,EXEC-000513,WO-20260129-000513,ShiftType.MORNING,2026-01-29 07:39:00,2026-01-29 08:18:00,LOGIN_SUCCESS
LOGIN-00000514,OP-0046,ASM-L2-S20,EXEC-000514,WO-20260129-000514,ShiftType.MORNING,2026-01-29 08:02:00,2026-01-29 08:37:00,LOGIN_SUCCESS
LOGIN-00000515,OP-0072,DTA-L1-S30,EXEC-000515,WO-20260129-000515,ShiftType.MORNING,2026-01-29 08:17:00,2026-01-29 08:58:00,LOGIN_SUCCESS
LOGIN-00000516,OP-0024,PLT-L5-S80,EXEC-000516,WO-20260129-000516,ShiftType.MORNING,2026-01-29 08:40:00,2026-01-29 09:20:00,LOGIN_SUCCESS
LOGIN-00000517,OP-0044,GBA-L2-S40,EXEC-000517,WO-20260129-000517,ShiftType.MORNING,2026-01-29 09:01:00,2026-01-29 09:37:00,LOGIN_SUCCESS
LOGIN-00000518,OP-0008,PKG-L5-S90,EXEC-000518,WO-20260129-000518,ShiftType.MORNING,2026-01-29 09:20:00,2026-01-29 09:59:00,LOGIN_SUCCESS
LOGIN-00000519,OP-0005,PKG-L5-S90,EXEC-000519,WO-20260129-000519,ShiftType.MORNING,2026-01-29 09:40:00,2026-01-29 10:16:00,LOGIN_SUCCESS
LOGIN-00000520,OP-0036,ASM-L2-S20,EXEC-000520,WO-20260129-000520,ShiftType.MORNING,2026-01-29 09:59:00,2026-01-29 10:37:00,LOGIN_SUCCESS
LOGIN-00000521,OP-0045,GBA-L5-S40,EXEC-000521,WO-20260129-000521,ShiftType.MORNING,2026-01-29 10:15:00,2026-01-29 11:00:00,LOGIN_SUCCESS
LOGIN-00000522,OP-0061,PKG-L5-S90,EXEC-000522,WO-20260129-000522,ShiftType.MORNING,2026-01-29 10:39:00,2026-01-29 11:18:00,LOGIN_SUCCESS
LOGIN-00000523,OP-0018,PKG-L2-S90,EXEC-000523,WO-20260129-000523,ShiftType.MORNING,2026-01-29 11:00:00,2026-01-29 11:40:00,LOGIN_SUCCESS
LOGIN-00000524,OP-0065,PF-L5-S10,EXEC-000524,WO-20260129-000524,ShiftType.MORNING,2026-01-29 11:16:00,2026-01-29 11:59:00,LOGIN_SUCCESS
LOGIN-00000525,OP-0018,PLT-L5-S80,EXEC-000525,WO-20260129-000525,ShiftType.MORNING,2026-01-29 11:36:00,2026-01-29 12:19:00,LOGIN_SUCCESS
LOGIN-00000526,OP-0006,HVT-L4-S70,EXEC-000526,WO-20260129-000526,ShiftType.MORNING,2026-01-29 11:55:00,2026-01-29 12:38:00,LOGIN_SUCCESS
LOGIN-00000527,OP-0014,ASM-L5-S20,EXEC-000527,WO-20260129-000527,ShiftType.MORNING,2026-01-29 12:20:00,2026-01-29 12:59:00,LOGIN_SUCCESS
LOGIN-00000528,OP-0063,MOT-L3-S60,EXEC-000528,WO-20260129-000528,ShiftType.MORNING,2026-01-29 12:41:00,2026-01-29 13:16:00,LOGIN_SUCCESS
LOGIN-00000529,OP-0057,ASM-L1-S20,EXEC-000529,WO-20260129-000529,ShiftType.MORNING,2026-01-29 12:55:00,2026-01-29 13:39:00,LOGIN_SUCCESS
LOGIN-00000530,OP-0064,VIS-L1-S50,EXEC-000530,WO-20260129-000530,ShiftType.MORNING,2026-01-29 13:22:00,2026-01-29 13:58:00,LOGIN_SUCCESS
LOGIN-00000531,OP-0068,VIS-L5-S50,EXEC-000531,WO-20260130-000531,ShiftType.MORNING,2026-01-30 06:43:00,2026-01-30 07:17:00,LOGIN_SUCCESS
LOGIN-00000532,OP-0015,GBA-L6-S40,EXEC-000532,WO-20260130-000532,ShiftType.MORNING,2026-01-30 06:57:00,2026-01-30 07:40:00,LOGIN_SUCCESS
LOGIN-00000533,OP-0054,PF-L6-S10,EXEC-000533,WO-20260130-000533,ShiftType.MORNING,2026-01-30 07:15:00,2026-01-30 07:59:00,LOGIN_SUCCESS
LOGIN-00000534,OP-0012,PKG-L5-S90,EXEC-000534,WO-20260130-000534,ShiftType.MORNING,2026-01-30 07:42:00,2026-01-30 08:19:00,LOGIN_SUCCESS
LOGIN-00000535,OP-0061,MOT-L4-S60,EXEC-000535,WO-20260130-000535,ShiftType.MORNING,2026-01-30 08:02:00,2026-01-30 08:39:00,LOGIN_SUCCESS
LOGIN-00000536,OP-0007,ASM-L6-S20,EXEC-000536,WO-20260130-000536,ShiftType.MORNING,2026-01-30 08:22:00,2026-01-30 09:00:00,LOGIN_SUCCESS
LOGIN-00000537,OP-0020,PF-L3-S10,EXEC-000537,WO-20260130-000537,ShiftType.MORNING,2026-01-30 08:37:00,2026-01-30 09:17:00,LOGIN_SUCCESS
LOGIN-00000538,OP-0016,VIS-L4-S50,EXEC-000538,WO-20260130-000538,ShiftType.MORNING,2026-01-30 09:01:00,2026-01-30 09:39:00,LOGIN_SUCCESS
LOGIN-00000539,OP-0046,ASM-L3-S20,EXEC-000539,WO-20260130-000539,ShiftType.MORNING,2026-01-30 09:17:00,2026-01-30 09:59:00,LOGIN_SUCCESS
LOGIN-00000540,OP-0043,ASM-L4-S20,EXEC-000540,WO-20260130-000540,ShiftType.MORNING,2026-01-30 09:36:00,2026-01-30 10:20:00,LOGIN_SUCCESS
LOGIN-00000541,OP-0025,ASM-L4-S20,EXEC-000541,WO-20260130-000541,ShiftType.MORNING,2026-01-30 10:03:00,2026-01-30 10:36:00,LOGIN_SUCCESS
LOGIN-00000542,OP-0062,PF-L6-S10,EXEC-000542,WO-20260130-000542,ShiftType.MORNING,2026-01-30 10:22:00,2026-01-30 10:57:00,LOGIN_SUCCESS
LOGIN-00000543,OP-0069,MOT-L4-S60,EXEC-000543,WO-20260130-000543,ShiftType.MORNING,2026-01-30 10:35:00,2026-01-30 11:18:00,LOGIN_SUCCESS
LOGIN-00000544,OP-0005,GBA-L2-S40,EXEC-000544,WO-20260130-000544,ShiftType.MORNING,2026-01-30 11:03:00,2026-01-30 11:37:00,LOGIN_SUCCESS
LOGIN-00000545,OP-0060,ASM-L5-S20,EXEC-000545,WO-20260130-000545,ShiftType.MORNING,2026-01-30 11:16:00,2026-01-30 12:00:00,LOGIN_SUCCESS
LOGIN-00000546,OP-0031,VIS-L6-S50,EXEC-000546,WO-20260130-000546,ShiftType.MORNING,2026-01-30 11:41:00,2026-01-30 12:19:00,LOGIN_SUCCESS
LOGIN-00000547,OP-0053,VIS-L3-S50,EXEC-000547,WO-20260130-000547,ShiftType.MORNING,2026-01-30 12:02:00,2026-01-30 12:40:00,LOGIN_SUCCESS
LOGIN-00000548,OP-0047,DTA-L5-S30,EXEC-000548,WO-20260130-000548,ShiftType.MORNING,2026-01-30 12:20:00,2026-01-30 13:00:00,LOGIN_SUCCESS
LOGIN-00000549,OP-0052,DTA-L6-S30,EXEC-000549,WO-20260130-000549,ShiftType.MORNING,2026-01-30 12:41:00,2026-01-30 13:19:00,LOGIN_SUCCESS
LOGIN-00000550,OP-0031,PLT-L1-S80,EXEC-000550,WO-20260130-000550,ShiftType.MORNING,2026-01-30 13:02:00,2026-01-30 13:39:00,LOGIN_SUCCESS
LOGIN-00000551,OP-0019,DTA-L1-S30,EXEC-000551,WO-20260130-000551,ShiftType.MORNING,2026-01-30 13:21:00,2026-01-30 13:56:00,LOGIN_SUCCESS
LOGIN-00000552,OP-0061,PLT-L3-S80,EXEC-000552,WO-20260130-000552,ShiftType.MORNING,2026-01-30 13:37:00,2026-01-30 14:17:00,LOGIN_SUCCESS
LOGIN-00000553,OP-0026,DTA-L3-S30,EXEC-000553,WO-20260130-000553,ShiftType.MORNING,2026-01-30 14:02:00,2026-01-30 14:37:00,LOGIN_SUCCESS
LOGIN-00000554,OP-0061,PLT-L6-S80,EXEC-000554,WO-20260130-000554,ShiftType.MORNING,2026-01-30 14:19:00,2026-01-30 14:58:00,LOGIN_SUCCESS
LOGIN-00000555,OP-0032,MOT-L1-S60,EXEC-000555,WO-20260131-000555,ShiftType.MORNING,2026-01-31 06:42:00,2026-01-31 07:17:00,LOGIN_SUCCESS
LOGIN-00000556,OP-0023,PF-L2-S10,EXEC-000556,WO-20260131-000556,ShiftType.MORNING,2026-01-31 07:00:00,2026-01-31 07:39:00,LOGIN_SUCCESS
LOGIN-00000557,OP-0017,PLT-L2-S80,EXEC-000557,WO-20260131-000557,ShiftType.MORNING,2026-01-31 07:20:00,2026-01-31 07:58:00,LOGIN_SUCCESS
LOGIN-00000558,OP-0072,ASM-L3-S20,EXEC-000558,WO-20260131-000558,ShiftType.MORNING,2026-01-31 07:42:00,2026-01-31 08:19:00,LOGIN_SUCCESS
LOGIN-00000559,OP-0052,PF-L6-S10,EXEC-000559,WO-20260131-000559,ShiftType.MORNING,2026-01-31 07:55:00,2026-01-31 08:37:00,LOGIN_SUCCESS
LOGIN-00000560,OP-0020,VIS-L3-S50,EXEC-000560,WO-20260131-000560,ShiftType.MORNING,2026-01-31 08:18:00,2026-01-31 08:57:00,LOGIN_SUCCESS
LOGIN-00000561,OP-0030,PF-L5-S10,EXEC-000561,WO-20260131-000561,ShiftType.MORNING,2026-01-31 08:37:00,2026-01-31 09:18:00,LOGIN_SUCCESS
LOGIN-00000562,OP-0037,PLT-L5-S80,EXEC-000562,WO-20260131-000562,ShiftType.MORNING,2026-01-31 08:55:00,2026-01-31 09:36:00,LOGIN_SUCCESS
LOGIN-00000563,OP-0069,MOT-L3-S60,EXEC-000563,WO-20260131-000563,ShiftType.MORNING,2026-01-31 09:18:00,2026-01-31 09:58:00,LOGIN_SUCCESS
LOGIN-00000564,OP-0008,DTA-L5-S30,EXEC-000564,WO-20260131-000564,ShiftType.MORNING,2026-01-31 09:35:00,2026-01-31 10:20:00,LOGIN_SUCCESS
LOGIN-00000565,OP-0022,VIS-L2-S50,EXEC-000565,WO-20260131-000565,ShiftType.MORNING,2026-01-31 09:58:00,2026-01-31 10:39:00,LOGIN_SUCCESS
LOGIN-00000566,OP-0015,DTA-L1-S30,EXEC-000566,WO-20260131-000566,ShiftType.MORNING,2026-01-31 10:23:00,2026-01-31 11:00:00,LOGIN_SUCCESS
LOGIN-00000567,OP-0028,DTA-L1-S30,EXEC-000567,WO-20260131-000567,ShiftType.MORNING,2026-01-31 10:42:00,2026-01-31 11:17:00,LOGIN_SUCCESS
LOGIN-00000568,OP-0047,PF-L5-S10,EXEC-000568,WO-20260131-000568,ShiftType.MORNING,2026-01-31 10:59:00,2026-01-31 11:39:00,LOGIN_SUCCESS
LOGIN-00000569,OP-0067,GBA-L3-S40,EXEC-000569,WO-20260131-000569,ShiftType.MORNING,2026-01-31 11:23:00,2026-01-31 11:58:00,LOGIN_SUCCESS
LOGIN-00000570,OP-0024,PKG-L6-S90,EXEC-000570,WO-20260131-000570,ShiftType.MORNING,2026-01-31 11:42:00,2026-01-31 12:20:00,LOGIN_SUCCESS
LOGIN-00000571,OP-0020,PF-L4-S10,EXEC-000571,WO-20260131-000571,ShiftType.MORNING,2026-01-31 11:58:00,2026-01-31 12:40:00,LOGIN_SUCCESS
LOGIN-00000572,OP-0029,DTA-L5-S30,EXEC-000572,WO-20260131-000572,ShiftType.MORNING,2026-01-31 12:23:00,2026-01-31 12:57:00,LOGIN_SUCCESS
LOGIN-00000573,OP-0026,MOT-L1-S60,EXEC-000573,WO-20260131-000573,ShiftType.MORNING,2026-01-31 12:40:00,2026-01-31 13:19:00,LOGIN_SUCCESS
LOGIN-00000574,OP-0018,HVT-L1-S70,EXEC-000574,WO-20260131-000574,ShiftType.MORNING,2026-01-31 13:03:00,2026-01-31 13:40:00,LOGIN_SUCCESS
LOGIN-00000575,OP-0068,VIS-L5-S50,EXEC-000575,WO-20260201-000575,ShiftType.MORNING,2026-02-01 06:37:00,2026-02-01 07:17:00,LOGIN_SUCCESS
LOGIN-00000576,OP-0065,MOT-L2-S60,EXEC-000576,WO-20260201-000576,ShiftType.MORNING,2026-02-01 06:55:00,2026-02-01 07:37:00,LOGIN_SUCCESS
LOGIN-00000577,OP-0025,PF-L2-S10,EXEC-000577,WO-20260201-000577,ShiftType.MORNING,2026-02-01 07:16:00,2026-02-01 07:59:00,LOGIN_SUCCESS
LOGIN-00000578,OP-0012,GBA-L4-S40,EXEC-000578,WO-20260201-000578,ShiftType.MORNING,2026-02-01 07:36:00,2026-02-01 08:18:00,LOGIN_SUCCESS
LOGIN-00000579,OP-0053,PLT-L1-S80,EXEC-000579,WO-20260201-000579,ShiftType.MORNING,2026-02-01 07:59:00,2026-02-01 08:40:00,LOGIN_SUCCESS
LOGIN-00000580,OP-0045,PF-L3-S10,EXEC-000580,WO-20260201-000580,ShiftType.MORNING,2026-02-01 08:19:00,2026-02-01 08:56:00,LOGIN_SUCCESS
LOGIN-00000581,OP-0062,DTA-L2-S30,EXEC-000581,WO-20260201-000581,ShiftType.MORNING,2026-02-01 08:43:00,2026-02-01 09:18:00,LOGIN_SUCCESS
LOGIN-00000582,OP-0003,VIS-L6-S50,EXEC-000582,WO-20260201-000582,ShiftType.MORNING,2026-02-01 09:01:00,2026-02-01 09:38:00,LOGIN_SUCCESS
LOGIN-00000583,OP-0035,ASM-L2-S20,EXEC-000583,WO-20260201-000583,ShiftType.MORNING,2026-02-01 09:20:00,2026-02-01 09:59:00,LOGIN_SUCCESS
LOGIN-00000584,OP-0030,ASM-L6-S20,EXEC-000584,WO-20260201-000584,ShiftType.MORNING,2026-02-01 09:40:00,2026-02-01 10:19:00,LOGIN_SUCCESS
LOGIN-00000585,OP-0023,VIS-L3-S50,EXEC-000585,WO-20260201-000585,ShiftType.MORNING,2026-02-01 09:59:00,2026-02-01 10:39:00,LOGIN_SUCCESS
LOGIN-00000586,OP-0064,PKG-L2-S90,EXEC-000586,WO-20260201-000586,ShiftType.MORNING,2026-02-01 10:17:00,2026-02-01 10:57:00,LOGIN_SUCCESS
LOGIN-00000587,OP-0004,HVT-L5-S70,EXEC-000587,WO-20260201-000587,ShiftType.MORNING,2026-02-01 10:38:00,2026-02-01 11:16:00,LOGIN_SUCCESS
LOGIN-00000588,OP-0028,MOT-L2-S60,EXEC-000588,WO-20260201-000588,ShiftType.MORNING,2026-02-01 10:57:00,2026-02-01 11:38:00,LOGIN_SUCCESS
LOGIN-00000589,OP-0060,MOT-L6-S60,EXEC-000589,WO-20260201-000589,ShiftType.MORNING,2026-02-01 11:15:00,2026-02-01 11:56:00,LOGIN_SUCCESS
LOGIN-00000590,OP-0047,PF-L6-S10,EXEC-000590,WO-20260201-000590,ShiftType.MORNING,2026-02-01 11:39:00,2026-02-01 12:20:00,LOGIN_SUCCESS
LOGIN-00000591,OP-0008,VIS-L2-S50,EXEC-000591,WO-20260201-000591,ShiftType.MORNING,2026-02-01 12:02:00,2026-02-01 12:38:00,LOGIN_SUCCESS
LOGIN-00000592,OP-0018,ASM-L3-S20,EXEC-000592,WO-20260201-000592,ShiftType.MORNING,2026-02-01 12:16:00,2026-02-01 13:00:00,LOGIN_SUCCESS
LOGIN-00000593,OP-0039,PLT-L1-S80,EXEC-000593,WO-20260202-000593,ShiftType.MORNING,2026-02-02 06:42:00,2026-02-02 07:19:00,LOGIN_SUCCESS
LOGIN-00000594,OP-0062,DTA-L4-S30,EXEC-000594,WO-20260202-000594,ShiftType.MORNING,2026-02-02 07:00:00,2026-02-02 07:36:00,LOGIN_SUCCESS
LOGIN-00000595,OP-0058,HVT-L1-S70,EXEC-000595,WO-20260202-000595,ShiftType.MORNING,2026-02-02 07:19:00,2026-02-02 07:56:00,LOGIN_SUCCESS
LOGIN-00000596,OP-0050,HVT-L5-S70,EXEC-000596,WO-20260202-000596,ShiftType.MORNING,2026-02-02 07:40:00,2026-02-02 08:18:00,LOGIN_SUCCESS
LOGIN-00000597,OP-0056,MOT-L6-S60,EXEC-000597,WO-20260202-000597,ShiftType.MORNING,2026-02-02 08:02:00,2026-02-02 08:38:00,LOGIN_SUCCESS
LOGIN-00000598,OP-0056,GBA-L4-S40,EXEC-000598,WO-20260202-000598,ShiftType.MORNING,2026-02-02 08:22:00,2026-02-02 08:56:00,LOGIN_SUCCESS
LOGIN-00000599,OP-0054,HVT-L3-S70,EXEC-000599,WO-20260202-000599,ShiftType.MORNING,2026-02-02 08:37:00,2026-02-02 09:16:00,LOGIN_SUCCESS
LOGIN-00000600,OP-0019,MOT-L3-S60,EXEC-000600,WO-20260202-000600,ShiftType.MORNING,2026-02-02 08:57:00,2026-02-02 09:38:00,LOGIN_SUCCESS
LOGIN-00000601,OP-0058,GBA-L6-S40,EXEC-000601,WO-20260202-000601,ShiftType.MORNING,2026-02-02 09:22:00,2026-02-02 09:56:00,LOGIN_SUCCESS
LOGIN-00000602,OP-0049,PF-L5-S10,EXEC-000602,WO-20260202-000602,ShiftType.MORNING,2026-02-02 09:42:00,2026-02-02 10:17:00,LOGIN_SUCCESS
LOGIN-00000603,OP-0036,DTA-L3-S30,EXEC-000603,WO-20260202-000603,ShiftType.MORNING,2026-02-02 10:01:00,2026-02-02 10:39:00,LOGIN_SUCCESS
LOGIN-00000604,OP-0044,PF-L2-S10,EXEC-000604,WO-20260202-000604,ShiftType.MORNING,2026-02-02 10:15:00,2026-02-02 10:57:00,LOGIN_SUCCESS
LOGIN-00000605,OP-0017,PKG-L2-S90,EXEC-000605,WO-20260202-000605,ShiftType.MORNING,2026-02-02 10:35:00,2026-02-02 11:19:00,LOGIN_SUCCESS
LOGIN-00000606,OP-0009,HVT-L6-S70,EXEC-000606,WO-20260202-000606,ShiftType.MORNING,2026-02-02 10:58:00,2026-02-02 11:38:00,LOGIN_SUCCESS
LOGIN-00000607,OP-0002,VIS-L2-S50,EXEC-000607,WO-20260202-000607,ShiftType.MORNING,2026-02-02 11:15:00,2026-02-02 11:58:00,LOGIN_SUCCESS
LOGIN-00000608,OP-0019,PKG-L6-S90,EXEC-000608,WO-20260202-000608,ShiftType.MORNING,2026-02-02 11:42:00,2026-02-02 12:19:00,LOGIN_SUCCESS
LOGIN-00000609,OP-0054,DTA-L6-S30,EXEC-000609,WO-20260202-000609,ShiftType.MORNING,2026-02-02 11:57:00,2026-02-02 12:39:00,LOGIN_SUCCESS
LOGIN-00000610,OP-0056,PKG-L3-S90,EXEC-000610,WO-20260202-000610,ShiftType.MORNING,2026-02-02 12:15:00,2026-02-02 12:57:00,LOGIN_SUCCESS
LOGIN-00000611,OP-0064,DTA-L3-S30,EXEC-000611,WO-20260202-000611,ShiftType.MORNING,2026-02-02 12:39:00,2026-02-02 13:16:00,LOGIN_SUCCESS
LOGIN-00000612,OP-0046,MOT-L5-S60,EXEC-000612,WO-20260202-000612,ShiftType.MORNING,2026-02-02 13:02:00,2026-02-02 13:39:00,LOGIN_SUCCESS
LOGIN-00000613,OP-0028,PF-L3-S10,EXEC-000613,WO-20260202-000613,ShiftType.MORNING,2026-02-02 13:22:00,2026-02-02 14:00:00,LOGIN_SUCCESS
LOGIN-00000614,OP-0066,HVT-L4-S70,EXEC-000614,WO-20260202-000614,ShiftType.MORNING,2026-02-02 13:40:00,2026-02-02 14:17:00,LOGIN_SUCCESS
LOGIN-00000615,OP-0057,PLT-L3-S80,EXEC-000615,WO-20260202-000615,ShiftType.MORNING,2026-02-02 13:57:00,2026-02-02 14:40:00,LOGIN_SUCCESS
LOGIN-00000616,OP-0011,DTA-L3-S30,EXEC-000616,WO-20260202-000616,ShiftType.MORNING,2026-02-02 14:20:00,2026-02-02 15:00:00,LOGIN_SUCCESS
LOGIN-00000617,OP-0039,PLT-L3-S80,EXEC-000617,WO-20260203-000617,ShiftType.MORNING,2026-02-03 06:35:00,2026-02-03 07:17:00,LOGIN_SUCCESS
LOGIN-00000618,OP-0060,GBA-L6-S40,EXEC-000618,WO-20260203-000618,ShiftType.MORNING,2026-02-03 07:03:00,2026-02-03 07:38:00,LOGIN_SUCCESS
LOGIN-00000619,OP-0067,VIS-L5-S50,EXEC-000619,WO-20260203-000619,ShiftType.MORNING,2026-02-03 07:22:00,2026-02-03 08:00:00,LOGIN_SUCCESS
LOGIN-00000620,OP-0004,HVT-L3-S70,EXEC-000620,WO-20260203-000620,ShiftType.MORNING,2026-02-03 07:38:00,2026-02-03 08:17:00,LOGIN_SUCCESS
LOGIN-00000621,OP-0070,DTA-L1-S30,EXEC-000621,WO-20260203-000621,ShiftType.MORNING,2026-02-03 07:56:00,2026-02-03 08:36:00,LOGIN_SUCCESS
LOGIN-00000622,OP-0061,PLT-L4-S80,EXEC-000622,WO-20260203-000622,ShiftType.MORNING,2026-02-03 08:22:00,2026-02-03 08:59:00,LOGIN_SUCCESS
LOGIN-00000623,OP-0008,DTA-L6-S30,EXEC-000623,WO-20260203-000623,ShiftType.MORNING,2026-02-03 08:36:00,2026-02-03 09:18:00,LOGIN_SUCCESS
LOGIN-00000624,OP-0012,PF-L6-S10,EXEC-000624,WO-20260203-000624,ShiftType.MORNING,2026-02-03 09:02:00,2026-02-03 09:40:00,LOGIN_SUCCESS
LOGIN-00000625,OP-0058,PKG-L1-S90,EXEC-000625,WO-20260203-000625,ShiftType.MORNING,2026-02-03 09:16:00,2026-02-03 09:57:00,LOGIN_SUCCESS
LOGIN-00000626,OP-0012,VIS-L6-S50,EXEC-000626,WO-20260203-000626,ShiftType.MORNING,2026-02-03 09:37:00,2026-02-03 10:19:00,LOGIN_SUCCESS
LOGIN-00000627,OP-0026,HVT-L4-S70,EXEC-000627,WO-20260203-000627,ShiftType.MORNING,2026-02-03 10:00:00,2026-02-03 10:39:00,LOGIN_SUCCESS
LOGIN-00000628,OP-0014,PF-L3-S10,EXEC-000628,WO-20260203-000628,ShiftType.MORNING,2026-02-03 10:23:00,2026-02-03 11:00:00,LOGIN_SUCCESS
LOGIN-00000629,OP-0006,GBA-L4-S40,EXEC-000629,WO-20260203-000629,ShiftType.MORNING,2026-02-03 10:35:00,2026-02-03 11:20:00,LOGIN_SUCCESS
LOGIN-00000630,OP-0014,VIS-L6-S50,EXEC-000630,WO-20260203-000630,ShiftType.MORNING,2026-02-03 10:57:00,2026-02-03 11:36:00,LOGIN_SUCCESS
LOGIN-00000631,OP-0027,PF-L5-S10,EXEC-000631,WO-20260203-000631,ShiftType.MORNING,2026-02-03 11:22:00,2026-02-03 11:58:00,LOGIN_SUCCESS
LOGIN-00000632,OP-0055,PKG-L2-S90,EXEC-000632,WO-20260203-000632,ShiftType.MORNING,2026-02-03 11:42:00,2026-02-03 12:17:00,LOGIN_SUCCESS
LOGIN-00000633,OP-0009,VIS-L1-S50,EXEC-000633,WO-20260203-000633,ShiftType.MORNING,2026-02-03 11:56:00,2026-02-03 12:37:00,LOGIN_SUCCESS
LOGIN-00000634,OP-0069,VIS-L6-S50,EXEC-000634,WO-20260203-000634,ShiftType.MORNING,2026-02-03 12:15:00,2026-02-03 12:59:00,LOGIN_SUCCESS
LOGIN-00000635,OP-0025,MOT-L6-S60,EXEC-000635,WO-20260203-000635,ShiftType.MORNING,2026-02-03 12:39:00,2026-02-03 13:18:00,LOGIN_SUCCESS
LOGIN-00000636,OP-0052,VIS-L5-S50,EXEC-000636,WO-20260203-000636,ShiftType.MORNING,2026-02-03 13:03:00,2026-02-03 13:39:00,LOGIN_SUCCESS
LOGIN-00000637,OP-0072,PKG-L6-S90,EXEC-000637,WO-20260203-000637,ShiftType.MORNING,2026-02-03 13:22:00,2026-02-03 13:59:00,LOGIN_SUCCESS
LOGIN-00000638,OP-0065,PKG-L2-S90,EXEC-000638,WO-20260203-000638,ShiftType.MORNING,2026-02-03 13:38:00,2026-02-03 14:17:00,LOGIN_SUCCESS
LOGIN-00000639,OP-0005,ASM-L2-S20,EXEC-000639,WO-20260203-000639,ShiftType.MORNING,2026-02-03 14:00:00,2026-02-03 14:37:00,LOGIN_SUCCESS
LOGIN-00000640,OP-0046,ASM-L2-S20,EXEC-000640,WO-20260203-000640,ShiftType.MORNING,2026-02-03 14:23:00,2026-02-03 14:57:00,LOGIN_SUCCESS
